funder,papers
National Natural Science Foundation of China,101
National Key R&D Program of China,27
National Institutes of Health (NIH),23
European Union,19
National Research Foundation of Korea (NRF),13
European Regional Development Fund (ERDF),10
CAPES (Brazil),9
National Science Foundation (NSF),9
Canadian Institutes of Health Research (CIHR),8
China Postdoctoral Science Foundation,8
Ministry of Science and Technology of China,7
DFG (Germany),7
Ministry of Education of China,6
NHMRC (Australia),5
CNPq (Brazil),5
CAMS Innovation Fund for Medical Sciences,5
Natural Science Foundation of Hunan Province,5
Ministry of Science and ICT (Korea),5
NIH — NCI,4
FAPESP (Brazil),4
NIH — NIDDK,4
Instituto de Salud Carlos III (Spain),4
Korea government,4
China Agriculture Research System of MOF and MARA,4
National Science and Technology Council (Taiwan),4
NIH — NIGMS,4
U.S. Department of Veterans Affairs,3
Ministry of Science and Technology (Taiwan),3
Dutch Heart Foundation,3
Natural Science Foundation of Jiangsu Province,3
Natural Science Foundation of Guangdong Province,3
American Heart Association,3
Natural Science Foundation of Shandong Province,3
Fundamental Research Funds for the Central Universities,3
JSPS (Japan),3
National Nature Science Foundation of China,3
NIH — NIAID,3
University of Medical Sciences,3
"Faculty of Medicine, Universiti Kebangsaan Malaysia",2
German Research Foundation,2
Natural Sciences and Engineering Research Council of Canada,2
Danish Dairy Research Foundation,2
Natural Science Foundation of China,2
Hunan Provincial Science and Technology Department,2
State Administration of Traditional Chinese Medicine of the People's Republic of China,2
Natural Science Foundation of Hubei Province,2
Mushroom Technology System of Shandong Province,2
Turkish Academy of Sciences,2
Natural Science Foundation of Liaoning Province,2
Natural Science Foundation of Zhejiang Province,2
Science Foundation Ireland,2
NIH — NIA,2
Howard Hughes Medical Institute,2
Biotechnology and Biological Sciences Research Council,2
Natural Science Basic Research Program of Shaanxi,2
Chengdu University of Traditional Chinese Medicine,2
CACMS Innovation Fund,2
National Institute for Health Research,2
Alzheimer’s Research UK,2
Academy of Finland,2
Leducq Foundation,2
Lombardy Region,2
NIH/NIA,2
Fundamental Research Grant Scheme,2
Japan Agency for Medical Research and Development,2
JST SPRING,2
UK Medical Research Council,2
Guangdong Basic and Applied Basic Research Foundation,2
Russian Science Foundation,2
Slovenian Research Agency,2
Science and Technology Planning Project of Guangzhou,2
JSPS KAKENHI,2
Science and Technology Assistance Agency of the Slovak Republic,2
Slovak Grant Agency VEGA,2
North Carolina Agricultural Foundation,2
USDA-NIFA Hatch,2
National Science Centre,2
ZonMw,2
HUN-REN Hungarian Research Network,2
Mahidol University,2
China Agriculture Research System,2
Fundação para a Ciência e a Tecnologia,2
Medical University of Lublin,2
Science and Technology Commission of Shanghai Municipality,2
National Center for Advancing Translational Sciences of the NIH,2
Takeda Science Foundation,2
Fondo Europeo de Desarrollo Regional,2
Liaoning Revitalization Talents Program,2
Beijing Natural Science Foundation,2
Üniversitesi,2
Shanghai Key Lab of Human Performance at Shanghai University of Sport,2
Science and Technology Innovation Team,2
"Global and Frontier Research University Fund, Naresuan University",2
Italian Ministry of Health,2
University Research Grant,1
National Science and Technology Major Projects,1
Koshiyama Research Grant,1
Korean Medicine R&D Project of the Ministry of Health and Welfare,1
"Department of Biotechnology, Government of India",1
ACVIM Foundation,1
Western University of Health Sciences College of Veterinary Medicine,1
Francis Owens Blood Research Laboratory at UNC Chapel Hill,1
Mackman Laboratory at UNC Chapel Hill,1
Arla Foods Ingredients Group P/S,1
Team Denmark,1
"Ministry of Agriculture, Food and Rural Affairs",1
Probioplus4Food,1
Advanced Research Initiatives for Nutrition and Aquaculture,1
Bergstrom Nutrition and the University of Memphis,1
"Pharma‐Essentia, Taipei, Taiwan",1
Taiwan Ministry of Health and Welfare Clinical Trial and Research Center of Excellence,1
Applied Science University,1
Al-Ahliyya Amman University,1
"Ministry of Research, Technology and Higher Education, Indonesia",1
National Basic Research Program of China,1
Jiangxi Provincial Department of Science and Technology,1
ICMR (India),1
"Canada Excellence Research Chairs, Government of Canada",1
Alberta Health,1
Alberta Innovate,1
Wroclaw University of Environmental and Life Sciences,1
Wroclaw Centre of Biotechnology,1
HHS | NIH | National Institute of Allergy and Infectious Diseases,1
Université Paris 13,1
Galilée Institute,1
INSERM-LVTS U1148 Laboratory,1
Department of Health | National Health and Medical Research Council (NHMRC)501100000925,1
"AMED, Research Program on HIV/AIDS",1
University of Otago,1
"Ministry of Higher Education, Malaysia",1
Universiti Kebangsaan Malaysia,1
Arla Foods,1
"Copenhagen University, Faculty of SCIENCE",1
eMOOD (AU Ideas Initiative),1
Norges Forskningsråd,1
Swiss National Centre for Competence in Research NCCR Kidney.CH,1
European Community's Seventh Framework Programme,1
Jiangsu Province Commission of Health and Family Planning of China,1
MINECO-FEDER,1
Consejo Superior de Investigaciones Científicas,1
Natural Science Foundation of Guangxi Province,1
Shenzhen Science and Technology Project,1
Health and Family Planning Commission of Shenzhen Municipality,1
Science and Technology Planning Project of Guangdong Province,1
Mashhad University of Medical Sciences,1
Tabriz University of Medical Sciences,1
Key Technology Fund of Shandong Province,1
“Double First‐Class” Fund of Shandong Province,1
Fondazione Antonio de Marco,1
Ministry of Agriculture of the People's Republic of China,1
Korea National Sport University,1
Jiangsu Key Laboratory for Pharmacology and Safety Evaluation of Chinese Materia Medica,1
"Deanship of Scientific Research, King Faisal University",1
Key Project of Comprehensive Investment in Food Hygiene and Nutrition of the Tianjin 13th Five-Year Plan,1
Hangzhou DeBuYou Health Technology Co. Ltd,1
Future Planning,1
Coal-based Key Scientific and Technological Project from Shanxi Province,1
Key Research and Development Program from Guangxi Province,1
Region Syddanmarks Research council,1
Novo Nordisk Foundation,1
Danish Heart Foundation,1
Salix Pharmaceuticals,1
Jilin Province Science and Technology Project,1
Schwabe Pharma Asia Pacific Pte Ltd,1
Key Research Program of the Chinese Academy of Sciences,1
Commonwealth of State Oceanic Administration People’s Republic of China,1
Innovation and Development of Marine Economy Demonstration City Project and the Scientific and Technological Innovation Project,1
"Deanship of Scientific Research, King Khalid University",1
Arjuna Natural Ltd,1
Technology Planning Project of Guangdong Province,1
Cancer Research UK,1
Vifor Pharma,1
Schwabe,1
Daewon Pharmaceutical Company,1
Liaoning Provincial Program for Top Discipline of Basic Medical Sciences,1
Czech University of Life Sciences Prague by projects CIGA 20175004 and IGA 20175016,1
Estonian Research Council,1
Lundbeck Foundation,1
Danish Council of Independent Medical Research,1
Special Research Foundation of Science and Technology for Traditional Chinese Medicine from Guangdong Hospital of Chinese Medicine,1
Project of Science and Technology Bureau of Guangdong Province,1
Korea Forest Service on R&D program for Forest Science and Technology,1
Korea Forest Service,1
Kookmin University,1
Alkaptonuria Society,1
Technology Major Projects for “Major New Drugs Innovation and Development”,1
"Start-up fund for the 100 Top Talents Program, SYSU",1
"Funds for Key Medical Specialties in Baoan, Shenzhen",1
Khon Kaen University,1
Thailand Research Fund,1
Natural Science Funding of China,1
Zhejiang Provincial Natural Science Funding,1
Project for Science and Technology of Huzhou,1
National Major Scientific and Technological Special Project for “National New Drug Innovation Program” during the Thirteenth Five-Year Plan Period,1
Beijing Nova Program,1
China Academy of Chinese Medical Sciences,1
Stichting Spieren voor Spieren,1
CVON Energise,1
Marie Sklodowska-Curie,1
"Opera CRO S.r.l., Timisoara (Romania)",1
