date,id,wb,ozon,median,source2026-09-15,Ашваганда,,,,
2026-09-15,Клюква,,,,
2026-09-15,Пустырник,,,,
2026-09-15,Боярышник,,,,
2026-09-15,Бета-глюканы овса,,,,
2026-09-15,Рибофлавин,,,,
2026-09-15,Альфа-липоевая кислота,,,,
2026-09-15,D-манноза,,,,
2026-09-15,Расторопша,,,,
2026-09-15,Лактоферрин,,,,
2026-09-15,Йохимбин,,,,
2026-09-15,Пажитник,,,,
2026-09-15,Чёрный тмин,,,,
2026-09-15,NMN/NR,,,,
2026-09-15,Рейши,,,,
2026-09-15,Сывороточный протеин,,,,
2026-09-15,Босвеллия,,,,
2026-09-15,Витамин K2,,,,
2026-09-15,Берберин,,,,
2026-09-15,Кверцетин,,,,
2026-09-15,Креатин,,,,
2026-09-15,Омега-3,,,,
2026-09-15,Витамин D,,,,
2026-09-15,B12,,,,
2026-09-15,Магний,,,,
2026-09-15,Кофеин,,,,
2026-09-15,L-Теанин,,,,
2026-09-16,Ашваганда,,,,
2026-09-16,Бакопа,,,,
2026-09-16,Ежовик,,,,
2026-09-16,Гинкго,,,,
2026-09-16,Родиола,,,,
2026-09-16,Фосфатидилсерин,,,,
2026-09-16,Alpha-GPC,,,,
2026-09-16,CDP-холин,,,,
