источник;продукт;единиц_в_упаковке;цена_упаковки;добавка;норма_мес;дата
Креатин;;;;;150;
Креатин;;;;;150;
Креатин;;;;;150;
Креатин;;;;;150;
Креатин;;;;;150;
Омега-3;;;;;60;
Омега-3;;;;;60;
Омега-3;;;;;60;
Омега-3;;;;;60;
Омега-3;;;;;60;
Витамин D;;;;;30;
Витамин D;;;;;30;
Витамин D;;;;;30;
Витамин D;;;;;30;
Витамин D;;;;;30;
B12;;;;;30;
B12;;;;;30;
B12;;;;;30;
B12;;;;;30;
B12;;;;;30;
Магний;;;;;30;
Магний;;;;;30;
Магний;;;;;30;
Магний;;;;;30;
Магний;;;;;30;
Кофеин;;;;;30;
Кофеин;;;;;30;
Кофеин;;;;;30;
Кофеин;;;;;30;
Кофеин;;;;;30;
L-Теанин;;;;;30;
L-Теанин;;;;;30;
L-Теанин;;;;;30;
L-Теанин;;;;;30;
L-Теанин;;;;;30;
Бакопа;;;;;30;
Бакопа;;;;;30;
Бакопа;;;;;30;
Бакопа;;;;;30;
Бакопа;;;;;30;
Ежовик;;;;;30;
Ежовик;;;;;30;
Ежовик;;;;;30;
Ежовик;;;;;30;
Ежовик;;;;;30;
Гинкго;;;;;30;
Гинкго;;;;;30;
Гинкго;;;;;30;
Гинкго;;;;;30;
Гинкго;;;;;30;
Родиола;;;;;30;
Родиола;;;;;30;
Родиола;;;;;30;
Родиола;;;;;30;
Родиола;;;;;30;
Ашваганда;;;;;30;
Ашваганда;;;;;30;
Ашваганда;;;;;30;
Ашваганда;;;;;30;
Ашваганда;;;;;30;
Фосфатидилсерин;;;;;30;
Фосфатидилсерин;;;;;30;
Фосфатидилсерин;;;;;30;
Фосфатидилсерин;;;;;30;
Фосфатидилсерин;;;;;30;
Alpha-GPC;;;;;30;
Alpha-GPC;;;;;30;
Alpha-GPC;;;;;30;
Alpha-GPC;;;;;30;
Alpha-GPC;;;;;30;
CDP-холин;;;;;30;
CDP-холин;;;;;30;
CDP-холин;;;;;30;
CDP-холин;;;;;30;
CDP-холин;;;;;30;
Гуперзин А;;;;;30;
Гуперзин А;;;;;30;
Гуперзин А;;;;;30;
Гуперзин А;;;;;30;
Гуперзин А;;;;;30;
Куркумин;;;;;60;
Куркумин;;;;;60;
Куркумин;;;;;60;
Куркумин;;;;;60;
Куркумин;;;;;60;
Ресвератрол;;;;;30;
Ресвератрол;;;;;30;
Ресвератрол;;;;;30;
Ресвератрол;;;;;30;
Ресвератрол;;;;;30;
NAC;;;;;60;
NAC;;;;;60;
NAC;;;;;60;
NAC;;;;;60;
NAC;;;;;60;
Цинк;;;;;30;
Цинк;;;;;30;
Цинк;;;;;30;
Цинк;;;;;30;
Цинк;;;;;30;
Тирозин;;;;;60;
Тирозин;;;;;60;
Тирозин;;;;;60;
Тирозин;;;;;60;
Тирозин;;;;;60;
Таурин;;;;;60;
Таурин;;;;;60;
Таурин;;;;;60;
Таурин;;;;;60;
Таурин;;;;;60;
CoQ10;;;;;30;
CoQ10;;;;;30;
CoQ10;;;;;30;
CoQ10;;;;;30;
CoQ10;;;;;30;
Пикногенол;;;;;30;
Пикногенол;;;;;30;
Пикногенол;;;;;30;
Пикногенол;;;;;30;
Пикногенол;;;;;30;
Готу кола;;;;;30;
Готу кола;;;;;30;
Готу кола;;;;;30;
Готу кола;;;;;30;
Готу кола;;;;;30;
