добавка,продукт,единиц_в_упаковке,цена_упаковки,норма_мес,источник,дата
Креатин,"Prime Kraft Креатин моногидрат Creatine Monohydrate, без вкуса 200 гр",200.0,556,30,WB арт.4219394,2026-09-09
Креатин,"UltraSupps Creatine Monohydrate 4950 mg 300 г, Без вкуса",300.0,1708,30,WB арт.930746823,2026-09-09
Креатин,"Prime Kraft Креатин Creatine Monohydrate 100% Pure (без вкуса), 500 гр",500.0,1171,30,WB арт.13257465,2026-09-09
Креатин,"Prime Kraft Креатин Creatine Monohydrate, Ананас 200 гр",200.0,597,30,WB арт.120930473,2026-09-09
Креатин,"АКАДЕМИЯ-Т Креатин моногидрат порошок Fit Creatine 300 г, Натуральный",300.0,1790,30,WB арт.473277397,2026-09-09
Креатин,MAXLER Креатин моногидрат Creatine 100% Monohydrate 500 г без вкуса,500.0,3953,30,WB арт.146877839,2026-09-09
Креатин,"Galvanize Nutrition Creatine Monohydrate 5000 mg 500 г, Без вкуса",500.0,2339,30,WB арт.945688290,2026-09-09
Креатин,"Prime Kraft Креатин Creatine Monohydrate, Вишня 200 гр",200.0,597,30,WB арт.120930475,2026-09-09
Креатин,"UltraSupps Креатин моногидрат порошок, 60 порций, 300 г",300.0,1470,30,WB арт.781957839,2026-09-09
Креатин,"Prime Kraft Креатин Creatine Monohydrate Pineapple (ананас), 500 гр",500.0,1237,30,WB арт.183766034,2026-09-09
Креатин,"Optimum Nutrition Креатин моногидрат Creatine + 360 г, Клубника - персик",360.0,2574,30,WB арт.1315588386,2026-09-09
Креатин,"OstroVit Креатин моногидрат порошок Creatine Monohydrate, 300г",300.0,1155,30,WB арт.302149500,2026-09-09
Омега-3,"NOW Омега 3 1000 мг, 200 капс Omega нау",200.0,785,30,WB арт.146487284,2026-09-09
Омега-3,RealCaps Омега 3 1000 мг 90 капсул,90.0,638,30,WB арт.412318776,2026-09-09
Омега-3,"One Up Рыбий жир - Омега 3, 1000 мг, 60 капсул. Турция",60.0,605,30,WB арт.465716757,2026-09-09
Омега-3,РеалКапс Омега-3 конц. 60% 1000 мг № 90 капс,90.0,1114,30,WB арт.12666212,2026-09-09
Омега-3,SOLGAR Омега-3 1000 мг 120 капсул Концентрат рыбьего жира,120.0,1547,30,WB арт.1300049559,2026-09-09
Омега-3,"NOW Нау Омега 3 1000 мг, Omega 3, Рыбий жир, 100 капсул",100.0,1144,30,WB арт.328823560,2026-09-09
Витамин D,"NOW Витамин Д3 2000 (vitamin D3), 120 капсул",120.0,1023,30,WB арт.1287233024,2026-09-09
Витамин D,BIOVIN Витамин Д3 2000 ме 180 капсул,180.0,500,30,WB арт.1454102133,2026-09-09
Витамин D, витамин D3 2000 МЕ 240 капсул,240.0,1784,30,WB арт.781310340,2026-09-09
Витамин D,NOW Высокоэффективный витамин Д-3 2000 МЕ 303 мг 120 капс,120.0,1098,30,WB арт.1292014351,2026-09-09
Витамин D,Bioterra D3 2000me+цинк+с комплекс сезон простуд 30 таблеток по 600мг,30.0,692,30,WB арт.560616922,2026-09-09
Витамин D,"VPLab Витамин Д3 2000 МЕ для сердца, костей и зубов 180капсул",180.0,740,30,WB арт.295624491,2026-09-09
Витамин D,California Gold Nutrition Витамин D3 2000 360 капсул,360.0,2194,30,WB арт.539503704,2026-09-09
Витамин D,"Miosuperfood Витамин Д3 2000 ме, 180 таблеток",180.0,285,30,WB арт.985262822,2026-09-09
Магний,"Эрбайр Магний глицинат + Витамин B6, 400 мг, 90 капсул",90.0,345,30,WB арт.351487563,2026-09-09
Магний,Эвалар Магний хелат 400 мг легкодоступный Эвалар 60 таблеток,60.0,1175,30,WB арт.924076386,2026-09-09
Магний,Purely Holistic Магний Глицинат 400 мг 270 таблеток,270.0,697,30,WB арт.271351599,2026-09-09
Магний,Эвалар Магний хелат 400 мг Эвалар 120 таблеток,120.0,1872,30,WB арт.536106108,2026-09-09
Магний,"NAWI Магний глицинат 400мг и витамин в6, 60 капсул магний хелат",60.0,670,30,WB арт.241689045,2026-09-09
Магний,Purely Holistic Магний Глицинат 400 мг 270 таблеток,270.0,690,30,WB арт.707932247,2026-09-09
Магний,MEDICA MENTE Магний хелат глицинат 400 мг с витамином В6 120 капсул,120.0,517,30,WB арт.542521458,2026-09-09
Магний,"Эвалар Магний хелат, магний бисглицинат, 120 таблеток",120.0,1993,30,WB арт.39431813,2026-09-09
Магний,"Эвалар Магний хелат, магний бисглицинат, 60 таблеток",60.0,1292,30,WB арт.39787899,2026-09-09
Кофеин,MAXLER Кофеин спортивный 200 мг Caffeine 200 энергетик 100 таблеток,100.0,1108,30,WB арт.132597661,2026-09-09
Кофеин,VITAMIR PRO Кофеинактив для бодрости и энергии 60 таблеток,60.0,443,30,WB арт.437278798,2026-09-09
L-Теанин,"Nutricost Л-Теанин (L-Theanine) 200 мг, 120 капсул",120.0,1531,30,WB арт.524056709,2026-09-09
L-Теанин,Nutricost L-теанин 200 мг 120 капсул,120.0,2094,30,WB арт.1221330903,2026-09-09
L-Теанин,"Летофарм Теанин 200 N30 капс массой 0,3г",30.0,1134,30,WB арт.1288004219,2026-09-09
L-Теанин,NOW L Теанин для нервной системы и памяти L Theanine 120 капсул,120.0,3194,30,WB арт.244879621,2026-09-09
L-Теанин,2SN Аминокислота Л Теанин для мозга L-Theanine 200 mg 60 caps,60.0,435,30,WB арт.721183508,2026-09-09
L-Теанин,"Nutricost Л-Теанин (L-Theanine), 200 мг, 120 капсул",120.0,2410,30,WB арт.303783678,2026-09-09
Бакопа,NewOrganic Бакопа Монье 30 капсул по 500 мг Bacopa Monnieri,30.0,846,30,WB арт.142620729,2026-09-09
Бакопа,VirorDea Бакопа Монье 70 капсул по 500 мг Bacopa Monnieri,70.0,700,30,WB арт.303480597,2026-09-09
Бакопа,Натураведа Бакопа монье для мозга 2 уп по 60 таб,60.0,705,30,WB арт.529349243,2026-09-09
Бакопа,Fungiline Бакопа Монье Bacopa Monnieri • 60 капсул,60.0,1222,30,WB арт.217054864,2026-09-09
Бакопа,Натураведа Brahmi для мозга и памяти 60 таб,60.0,418,30,WB арт.528170603,2026-09-09
Бакопа,aTech nutrition БАД Бакопа Монье 60 + 60 капсул,60.0,739,30,WB арт.178086244,2026-09-09
Ежовик,NOW FOODS/НАУ ФУДС Ежовик Гребенчатый Lion's mane 500 мг 60 капсул,60.0,675,30,WB арт.698823818,2026-09-09
Ежовик,RESTARTBIO Ежовик гребенчатый 1000 мг мицелий 90 капсул,90.0,783,30,WB арт.1245162621,2026-09-09
Ежовик,"Эвалар Ежовик гребенчатый 300 мг Lion's mane мицелий, 120 капсул",120.0,2040,30,WB арт.862262569,2026-09-09
Гинкго,Vitality of nature Vitality гинкго билоба 100 капсул,100.0,1333,30,WB арт.964601584,2026-09-09
Гинкго,"NOW Гинкго Билоба Ginkgo Biloba 120 mg, 50 капсул",50.0,630,30,WB арт.616166162,2026-09-09
Гинкго,"NATROL Гинкго билоба, витамины для памяти, 60 капсул",60.0,2342,30,WB арт.1023397010,2026-09-09
Гинкго,"Doctor's Best, Inc. Гинкго билоба 120 мг, 120 капсул",120.0,2026,30,WB арт.1008379283,2026-09-09
Гинкго,"NOW Ginkgo Biloba, нау гинкго билоба 120 мг 50 капс",50.0,853,30,WB арт.287829663,2026-09-09
Гинкго, Гинкго Билоба 500 мг 180 капсул для памяти и работы мозга,180.0,777,30,WB арт.1028709974,2026-09-09
Гинкго,swanson Экстракт Гинко-билоба 60 мг 30 капсул,30.0,465,30,WB арт.232293475,2026-09-09
Фосфатидилсерин,NOW Phosphatidyl Serine Фосфатидил Серин 100 мг - 60 капсул,60.0,1769,30,WB арт.323251901,2026-09-09
Фосфатидилсерин,"GraFLab Фосфатидилсерин 510 мг, 2 банки по 60 капсул",60.0,2799,30,WB арт.560802015,2026-09-09
Фосфатидилсерин,"Nutricost Фосфатидилсерин (Phosphatidylserine) 200 мг, 120 капсул",120.0,4297,30,WB арт.1217737987,2026-09-09
Фосфатидилсерин,NOW Phosphatidyl Serine 100 mg Фосфатидил Серин 100 мг 60 капсул,60.0,2488,30,WB арт.174824344,2026-09-09
Фосфатидилсерин,ГрибNik Фосфатидилсерин + гинкго билоба 60 капсул,60.0,1524,30,WB арт.1022197126,2026-09-09
Фосфатидилсерин,"Эвалар Когнивия Фосфатидилсерин, ноотроп,30 капсул",30.0,1994,30,WB арт.1225854064,2026-09-09
Alpha-GPC,"Jarrow Formulas Alpha GPC 300 mg - Альфа ГФХ, 60 капсул",60.0,4617,30,WB арт.296339026,2026-09-09
Alpha-GPC, NeuroActive Alpha GPC Альфа ГПС 99% 60 капс 300мг,60.0,1948,30,WB арт.527859975,2026-09-09
Alpha-GPC,Double Wood Supplements Альфа-ГФХ Alpha GPC 300 мг 60 капсул США,60.0,2604,30,WB арт.1360536751,2026-09-09
Alpha-GPC,"SNT (Swiss Nutrition Technology) Витамин B4 (холин) SNT Alpha GPC 300 мг, 90 капсул",90.0,3868,30,WB арт.760422846,2026-09-09
Alpha-GPC,"Noxygen Alpha GPC 300мг 60 капс. ноотроп, эйфоретик, энергетик",60.0,3528,30,WB арт.853747112,2026-09-09
Alpha-GPC,Double Wood Supplements Альфа-ГФХ Alpha GPC 300 мг 60 капсул,60.0,3257,30,WB арт.383711914,2026-09-09
CDP-холин,"Life extension Citicoline (CDP-Choline) 60капс Холин, Цитиколин",60.0,3381,30,WB арт.591142834,2026-09-09
Гуперзин А,Double Wood Supplements Гуперзин-А Huperzine A 200 мкг 120 таблеток США,120.0,3540,30,WB арт.1360478172,2026-09-09
Гуперзин А,"Nutricost Гуперзин-A 200 мкг, для памяти, 240 капсул",240.0,3150,30,WB арт.1468248047,2026-09-09
Гуперзин А,Double Wood Supplements Гуперзин-А Huperzine A 200 мкг 120 таблеток,120.0,3812,30,WB арт.429114911,2026-09-09
Гуперзин А," Гуперзин А, 200 мкг, 120 капсул",120.0,3944,30,WB арт.1392396224,2026-09-09
Гуперзин А,"Nutricost Гуперзин-A, 200 мкг, 240 капсул",240.0,3812,30,WB арт.419117169,2026-09-09
Гуперзин А,"Nutricost Гуперзин-A, 200 мкг, 240 капсул",240.0,3778,30,WB арт.1466364233,2026-09-09
Гуперзин А," Гуперзин А, 200 мкг, 120 капсул",120.0,3581,30,WB арт.1518961748,2026-09-09
Ресвератрол,Lake Avenue Ресвератрол 60 капсул,60.0,474,30,WB арт.1101746819,2026-09-09
Ресвератрол,"ВИТАМИР Ресвератрол 150 мг, 60 капсул по 340 мг",60.0,1032,30,WB арт.430377412,2026-09-09
Ресвератрол,"California Gold Nutrition Ресвератрол 500 мг поддержка сердца и сосудов, 60 капсул",60.0,1874,30,WB арт.314673400,2026-09-09
Ресвератрол,Lake Avenue Ресвератрол 60 капсул,60.0,664,30,WB арт.410031949,2026-09-09
Ресвератрол,ВитЭкспресс Ресвератрол №60 таб. 500 мг,60.0,1781,30,WB арт.220877924,2026-09-09
Ресвератрол,Lake Avenue Ресвератрол 60 капсул,60.0,664,30,WB арт.1099152338,2026-09-09
Ресвератрол,Lake Avenue Ресвератрол 60 капсул,60.0,474,30,WB арт.707932186,2026-09-09
Ресвератрол,"Nature’s Answer Ресвератрол, 60 капсул",60.0,4214,30,WB арт.859053309,2026-09-09
Ресвератрол,Lake Avenue Ресвератрол 60 капсул 500 мг,60.0,664,30,WB арт.710025031,2026-09-09
NAC,"NOW NAC, N-Ацетил Цистеин (Acetyl Cysteine), 600 мг, 100 капсул",100.0,1477,30,WB арт.1335425887,2026-09-09
NAC,"Nutricost NAC, N-Ацетил Цистеин (Acetyl Cysteine), 600 мг, 120 капсул",120.0,2037,30,WB арт.303858269,2026-09-09
NAC,"NOW NAC, N-Ацетил Цистеин (Acetyl Cysteine), 600 мг, 100 капсул",100.0,1611,30,WB арт.817434297,2026-09-09
NAC,Doctor's BEST NAC ацетилцистеин 60 капсул для иммунитета печени и почек,60.0,1446,30,WB арт.267523761,2026-09-09
NAC,"KAL НАК (N-ацетилцистеин ) 600 мг, 30 таблеток",30.0,945,30,WB арт.1208937495,2026-09-09
NAC,"NOW NAC, N-Ацетил Цистеин (Acetyl Cysteine), 600 мг, 100 капсул",100.0,1628,30,WB арт.817434321,2026-09-09
NAC,Doctor's BEST NAC ацетилцистеин 180 капсул для иммунитета печени и почек,180.0,3333,30,WB арт.267523753,2026-09-09
NAC,"swanson NAC НАК ацетилцистеин 600 мг, 100 капсул",100.0,1291,30,WB арт.795887408,2026-09-09
NAC,Nutricost NAC веганский N-ацетил L-цистеин 600 мг 120 капсул,120.0,1746,30,WB арт.332985454,2026-09-09
Цинк,PRO TELO Цинк (хелат) 25 мг 90 капсул,90.0,916,30,WB арт.580175492,2026-09-09
Цинк,"SNT Цинк хелат 25 мг, 180 капсул,Zinc Chelate",180.0,3229,30,WB арт.548666562,2026-09-09
Цинк,РеалКапс Цинк Хелат Zn 25мг 30 капсул,30.0,363,30,WB арт.261806467,2026-09-09
Тирозин,"Эвалар L тирозин 500 мг, L-tyrosine, 120 таблеток",120.0,1458,10,WB арт.322358421,2026-09-09
Тирозин,"NOW Аминокислота Тирозин L-Tyrosine 500 мг, 120 капсул",120.0,938,10,WB арт.296207065,2026-09-09
Тирозин,"Эвалар L тирозин 500 мг, L-tyrosine, 60 таблеток",60.0,821,10,WB арт.103613042,2026-09-09
Тирозин,SNT L-Тирозин 500 мг 60 капсул,60.0,1757,10,WB арт.497032916,2026-09-09
Тирозин,"NOW L-Tyrosine, L-Тирозин 500 мг-120 капсул",120.0,724,10,WB арт.165315019,2026-09-09
Тирозин,Be First Л тирозин 500 мг L-Tyrosine для здоровья мозга 60 таблеток,60.0,878,10,WB арт.150109785,2026-09-09
Тирозин,NOW L-Тирозин (L-Tyrosine) 500 мг 120 капсул,120.0,1102,10,WB арт.1298762550,2026-09-09
Тирозин,"NOW L-Тирозин (L-Tyrosine) 500 мг, 120 капсул",120.0,761,10,WB арт.1332073868,2026-09-09
Тирозин,"NOW L-Tyrosine, L-Тирозин 500 мг 120капсул",120.0,1262,10,WB арт.92517586,2026-09-09
Таурин,"NOW NUTRITION Таурин 1000 мг (Taurine 1000 mg), 100 капсул",100.0,550,30,WB арт.445691558,2026-09-09
Таурин,Life extension Taurine 1000мг 90 капсул Таурин 1000мг,90.0,949,30,WB арт.378498824,2026-09-09
Таурин,Carlson Labs Taurine 1000мг 100 капсул Таурин Нау фудс 1000 мг,100.0,560,30,WB арт.164786199,2026-09-09
CoQ10,VivaForte Коэнзим Q10 120 капсул для кожи и волос 100 мг,120.0,385,30,WB арт.385564545,2026-09-09
CoQ10,Эвалар Коэнзим Q10 Эвалар Anti-Age 100 мг 30 капсул,30.0,1325,30,WB арт.924076840,2026-09-09
CoQ10,NOW Коэнзим Q10 100 мг 50 капсул CoQ10 для сердца и сосудов,50.0,1556,30,WB арт.307970483,2026-09-09
CoQ10,Эвалар Коэнзим Q10 Эвалар Anti-Age 100 мг 60 капсул,60.0,1833,30,WB арт.924084308,2026-09-09
Пикногенол,"Pycnogenol Strong 40 mg, экстракт приморской сосны, 60 табл",60.0,2514,30,WB арт.558359717,2026-09-09
Пикногенол," Пикногенол Стронг Pycnogenol Strong (40 mg), 60 таб - 2 упак…",60.0,4019,30,WB арт.840532524,2026-09-09
Пикногенол," Пикногенол Стронг Pycnogenol Strong (40 mg), 60 таб",60.0,2424,30,WB арт.494529733,2026-09-09
Пикногенол,"swanson Пикногенол, 100 мг, 30 капсул",30.0,5985,30,WB арт.187627381,2026-09-09
Пикногенол,"NOW Pycnogenol 100 mg, Пикногенол, 60 капсул",60.0,8550,30,WB арт.420923240,2026-09-09
Пикногенол,"Source Naturals Пикногенол, 100 мг, 60 таблеток",60.0,11441,30,WB арт.327025937,2026-09-09
Пикногенол," Life Extension Пикногенол 100 мг, 60 капсул",60.0,1771,30,WB арт.1436977086,2026-09-09
Пикногенол," Life Extension Пикногенол 100 мг, 60 капсул",60.0,2103,30,WB арт.1497793308,2026-09-09
Готу кола,"NOW Gotu Kola Готу Кола, Центелла Азиатская 450 мг - 100 капсул",100.0,951,30,WB арт.139223570,2026-09-09
Готу кола,Shri Ganga Для памяти и улучшения слуха Гото Кула Goto Kula 100 таб,100.0,463,30,WB арт.924661260,2026-09-09
Готу кола,"swanson Готу Кола 450 мг для мозга и памяти, Gotu Kola 60 капсул",60.0,1030,30,WB арт.232316768,2026-09-09
Готу кола,"NOW Gotu Kola Готу Кола, Центелла Азиатская 450 мг - 100 капсул",100.0,970,30,WB арт.138748103,2026-09-09
Готу кола,Для здоровья Готу кола экстракт 60 капсул,60.0,391,30,WB арт.210667306,2026-09-09
Готу кола,Lakshmi Ayurveda Goto Kula tablets Shri Ganga 100таб Готу Кола,100.0,498,30,WB арт.312803052,2026-09-09
Валериана,"Алтайский заготовитель Растительный экстракт корня валерианы, 60 капс",60.0,708,30,WB арт.700425798,2026-09-09
Валериана,СЕКРЕТЫ ДОЛГОЛЕТИЯ Валериана П 2 упак. по 200 таб. Успокоительное и снотворное,200.0,452,30,WB арт.249943301,2026-09-09
Валериана,ВТФ Валериана + В6 50 таб.*2уп,50.0,465,30,WB арт.374606876,2026-09-09
Валериана,"Алтайский заготовитель Растительный экстракт корня валерианы, 3 шт по 60 капс",60.0,1871,30,WB арт.879003434,2026-09-09
Валериана,ФармГрупп Валериана витамин В6 60 капсул успокоительное от стресса,60.0,368,30,WB арт.963225104,2026-09-09
Валериана,Consumed Валерианы экстракт+В6 табл. N50 - 2 упак,6.0,504,30,WB арт.337299039,2026-09-09
Валериана,Здравсити Валериана успокоительное 50 таблеток,50.0,168,30,WB арт.552736833,2026-09-09
Валериана,Consumed Валериана экстракт форте + В6 табл. 600 мг №30 - 2 упак,6.0,790,30,WB арт.337295044,2026-09-09
Бета-аланин,Prime Kraft Beta-alanine PRIMEKRAFT Бета-аланин Без вкуса 200 гр,200.0,630,30,WB арт.61912583,2026-09-09
Бета-аланин,"Prime Kraft Бета-аланин Beta Alanine 5000 mg 200 г, Натуральный",200.0,916,30,WB арт.1102276692,2026-09-09
Бета-аланин,BioTechUSA Бета-Аланин Beta-Alanine 4000 mg 300 г,300.0,3191,30,WB арт.948786433,2026-09-09
Бета-аланин,"Турамин Турамин Бета-Аланин капсулы желатиновые массой 0,46 г 90 шт",0.46,477,30,WB арт.822667076,2026-09-09
L-цитруллин,BIOVIN порошок аминокислоты цитрулин 250гр спортивное питание,250.0,421,30,WB арт.276645635,2026-09-09
L-цитруллин,2SN Цитруллина малат в порошке Citrulline malate 300 грамм,300.0,1020,30,WB арт.708006669,2026-09-09
L-цитруллин,"BombBar Цитруллин малат порошок, аминокислоты 165г",165.0,740,30,WB арт.316192275,2026-09-09
Витамин C,"NOW Витамин C 500 с шиповником, 100 таблеток",100.0,1048,30,WB арт.389668973,2026-09-09
Витамин C,NOW С-500 Витамин C 500 мг 100 таб,100.0,662,30,WB арт.268532019,2026-09-09
Витамин C,Natures Plus Витамин С 500 мг Аскорбиновая кислота 90 таблеток,90.0,1332,30,WB арт.557662037,2026-09-09
Витамин C,"Doctor's BEST Витамин С 500 мг и биофлавоноиды для иммунитета, 60 таблеток",60.0,1428,30,WB арт.491674580,2026-09-09
Эхинацея,"Алфит Плюс Эхинацея экстракт, 60 капсул",60.0,391,30,WB арт.310038929,2026-09-09
Эхинацея,"OVER Эхинацея, для иммунитета 60 капсул",60.0,385,30,WB арт.167892477,2026-09-09
Эхинацея,"swanson Эхинацея, Echinacea 400 мг 180 капсул",180.0,1383,30,WB арт.398488349,2026-09-09
5-HTP,"NOW 5-HTP от стресса 100 мг, 60 капсул",60.0,1112,30,WB арт.840095019,2026-09-09
5-HTP,"NOW 5-HTP, 5-Гидрокситриптофан 100 мг - 60 капсул",60.0,503,30,WB арт.1207032006,2026-09-09
5-HTP,vitumnus 5-HTP 100 мг+ Витамин В6 30капс.х2уп,30.0,1075,30,WB арт.154565605,2026-09-09
5-HTP,"BOOSTLIFE БАД 5-НТР 100 мг + В6, 30 капсул, рефил",30.0,882,30,WB арт.978585152,2026-09-09
5-HTP,"Doctor's BEST 5 HTP 100 мг для настроения и сна, от стресса, 60 капсул",60.0,1428,30,WB арт.265671217,2026-09-09
5-HTP,"NOW Foods 5-HTP, 5-гидрокситриптофан 100 мг, 60 капсул",60.0,819,30,WB арт.164668009,2026-09-09
Пробиотики,"Жизнивек Пробиогранд пробиотик с лакто и бифидобактериями, 60 капсул(…",60.0,1553,30,WB арт.1290041331,2026-09-09
Пробиотики,"SNT Probiotic 5 billion - Пробиотики, 60 капсул",60.0,2437,30,WB арт.372145547,2026-09-09
Пробиотики,"Natures Plus Пробиотики для детей Animal Parade Probiotic, 30 таблеток",30.0,2126,30,WB арт.231069310,2026-09-09
Пробиотики,Haya Labs Пробиотик Probiotic Complex 10 billion 30 капсул,30.0,877,30,WB арт.695716437,2026-09-09
Пробиотики,"Эвалар Бифилар Макси, пробиотики для кишечника взрослому, 10 капсул",10.0,882,30,WB арт.297820984,2026-09-09
Пробиотики,Nature's way Примадофилус Primadophilus Reuteri 5 млрд 30 капсул,30.0,2304,30,WB арт.893733755,2026-09-09
Триптофан,"NOW Аминокислота L-триптофан 500 мг от стресса, 120капсул",120.0,2820,30,WB арт.213917058,2026-09-09
Триптофан,"NOW Аминокислота L-триптофан 500 мг от стресса, 60 капсул",60.0,1886,30,WB арт.1283166064,2026-09-09
Триптофан,NOW L-Tryptophan 500мг 60 капсул Нау триптофан в капсулах,60.0,1390,30,WB арт.278858691,2026-09-09
Триптофан,BioTech USA Аминокислота Триптофан L-Tryptophan 60 капсул,60.0,1217,30,WB арт.309468643,2026-09-09
Триптофан,"Scitec Nutrition Триптофан аминокислота Tryptophan, 60 капсул",60.0,860,30,WB арт.377392596,2026-09-09
Триптофан,NOW L-Tryptophan 500мг 60 капсул Нау триптофан в капсулах,60.0,1317,30,WB арт.163817425,2026-09-09
Триптофан,"GetVita Триптофан 500 мг (L-tryptophan), 60 капсул",60.0,378,30,WB арт.789507059,2026-09-09
Триптофан,"Nutricost Л-триптофан (L-Tryptophan) 500 мг, 120 капсул",120.0,2296,30,WB арт.366604836,2026-09-09
Триптофан,Be First Триптофан L-Tryptophan 500 мг 60 капс,60.0,1104,30,WB арт.178720427,2026-09-09
Триптофан,Haya Labs Триптофан в капсулах L - Tryptophan 500 Mg 60 капс,60.0,1008,30,WB арт.260102241,2026-09-09
Креатин,"Prime Kraft Креатин моногидрат Creatine Monohydrate, без вкуса 200 гр",200.0,556,30,WB арт.4219394,2026-09-10
Креатин,"Prime Kraft Креатин Creatine Monohydrate 100% Pure (без вкуса), 500 гр",500.0,1171,30,WB арт.13257465,2026-09-10
Креатин,"Prime Kraft Креатин Creatine Monohydrate, Цитрусовый микс 200 гр",200.0,644,30,WB арт.120930474,2026-09-10
Креатин,"Prime Kraft Креатин Creatine Monohydrate, Вишня 200 гр",200.0,597,30,WB арт.120930475,2026-09-10
Креатин,"Prime Kraft Креатин Creatine Monohydrate, Ананас 200 гр",200.0,597,30,WB арт.120930473,2026-09-10
Креатин,"Prime Kraft Креатин Creatine Monohydrate, Цитрусовый микс 500 гр",500.0,1266,30,WB арт.183766035,2026-09-10
Креатин,"Prime Kraft Креатин Creatine Monohydrate Pineapple (ананас), 500 гр",500.0,1237,30,WB арт.183766034,2026-09-10
Креатин,"UltraSupps Креатин моногидрат порошок, 60 порций, 300 г",300.0,1368,30,WB арт.781957839,2026-09-10
Креатин,VPLab Креатин моногидрат порошок Pure Creatine 300г,300.0,2664,30,WB арт.230415065,2026-09-10
Креатин,2SN Креатин моногидрат для силы Creatine powder 200 грамм,200.0,845,30,WB арт.574097865,2026-09-10
Креатин,"Prime Kraft Креатин Creatine Monohydrate, Энергетик 200 гр",200.0,597,30,WB арт.228766204,2026-09-10
Креатин,"BIOVIN Креатин моногидрат порошок, спортивное питание creatine 300г",300.0,551,30,WB арт.59102656,2026-09-10
Омега-3,RealCaps Омега 3 1000 мг 90 капсул,90.0,779,30,WB арт.412318776,2026-09-10
Омега-3,"NOW Омега 3 1000 мг, Omega нау 200 капсул",200.0,1564,30,WB арт.202759781,2026-09-10
Витамин D,"NOW Витамин Д3 2000 (vitamin D3), 120 капсул",120.0,1023,30,WB арт.1287233024,2026-09-10
Витамин D,BIOVIN Витамин Д3 2000 ме 180 капсул,180.0,500,30,WB арт.1454102133,2026-09-10
Витамин D,"VPLab Витамин Д3 2000 МЕ для сердца, костей и зубов 180капсул",180.0,739,30,WB арт.295624491,2026-09-10
Витамин D,NOW Высокоэффективный витамин Д-3 2000 МЕ 303 мг 120 капс,120.0,1098,30,WB арт.1292014351,2026-09-10
Витамин D, Мирролла Витамин D3 2000 МЕ 50 таблеток-2упаковки,50.0,652,30,WB арт.485795879,2026-09-10
Витамин D,Uplex Витамин Д3 2000 МЕ 60 капсул для поддержки организма,60.0,225,30,WB арт.723033725,2026-09-10
Витамин D,California Gold Nutrition Витамин Д3 2000 МЕ 360 капсул,360.0,830,30,WB арт.824971652,2026-09-10
Витамин D,Bioterra D3 2000me+цинк+с комплекс сезон простуд 30 таблеток по 600мг,30.0,692,30,WB арт.560616922,2026-09-10
Витамин D,Нет бренда Витамин Д3 2000 МЕ 360 капсул,360.0,509,30,WB арт.1274961693,2026-09-10
Кофеин,MAXLER Кофеин спортивный 200 мг Caffeine 200 энергетик 100 таблеток,100.0,1108,30,WB арт.132597661,2026-09-10
Кофеин,ВИТАМИР Кофеинактив для бодрости и энергии 60 таблеток,60.0,443,30,WB арт.437278798,2026-09-10
Кофеин,MAXLER Макслер Caffeine 200 мг 100 таб,100.0,1146,30,WB арт.134219932,2026-09-10
Ежовик,ГрибNik Ежовик гребенчатый Lions Mane мицелий 200 капсул,200.0,928,30,WB арт.876874615,2026-09-10
Ежовик,NOW FOODS/НАУ ФУДС Ежовик Гребенчатый Lion's mane 500 мг 60 капсул,60.0,675,30,WB арт.698823818,2026-09-10
Родиола,ВиС Экстракт родиолы розовой 30 капсул,30.0,510,30,WB арт.262056504,2026-09-10
Фосфатидилсерин,NOW Phosphatidyl Serine Фосфатидил Серин 100 мг - 60 капсул,60.0,1560,30,WB арт.323251901,2026-09-10
Фосфатидилсерин,"GraFLab Фосфатидилсерин 510 мг, 2 банки по 60 капсул",60.0,2799,30,WB арт.560802015,2026-09-10
Фосфатидилсерин,"Nutricost Фосфатидилсерин (Phosphatidylserine) 200 мг, 120 капсул",120.0,4173,30,WB арт.1217737987,2026-09-10
Фосфатидилсерин,NOW Phosphatidyl Serine 100 mg Фосфатидил Серин 100 мг 60 капсул,60.0,2194,30,WB арт.174824344,2026-09-10
Фосфатидилсерин,ГрибNik Фосфатидилсерин + гинкго билоба 60 капсул,60.0,1344,30,WB арт.1022197126,2026-09-10
Куркумин,TRAD Куркумин С3 комплекс с пиперином 90 капсул,90.0,1340,30,WB арт.241994597,2026-09-10
Куркумин,"OVER Куркумин с пиперином, 60 капсул",60.0,467,30,WB арт.167929799,2026-09-10
Готу кола,"NOW Gotu Kola Готу Кола, Центелла Азиатская 450 мг - 100 капсул",100.0,951,30,WB арт.139223570,2026-09-10
Готу кола,"Nature’s Answer Готу кола 950 мг Центелла, Gotu kola, 90 капсул",90.0,1530,30,WB арт.532163366,2026-09-10
Готу кола,"NOW Gotu Kola Готу Кола, Центелла Азиатская 450 мг - 100 капсул",100.0,970,30,WB арт.138748103,2026-09-10
Готу кола,Shri Ganga Для памяти и улучшения слуха Гото Кула Goto Kula 100 таб,100.0,463,30,WB арт.924661260,2026-09-10
Готу кола,"NOW Gotu Kola 450 mg - Готу кола, 100 капсул",100.0,1062,30,WB арт.176286820,2026-09-10
Готу кола,Lakshmi Ayurveda Goto Kula tablets Shri Ganga 100таб Готу Кола,100.0,498,30,WB арт.312803052,2026-09-10
Готу кола,"Nature's way Готу кола, 100 капсул",100.0,2067,30,WB арт.316605909,2026-09-10
Валериана,ФармГрупп Валериана витамин В6 60 капсул успокоительное от стресса,60.0,368,30,WB арт.963225104,2026-09-10
Валериана,Consumed Валерианы экстракт+В6 табл. N50 - 2 упак,6.0,504,30,WB арт.337299039,2026-09-10
Валериана,СЕКРЕТЫ ДОЛГОЛЕТИЯ Валериана П 2 упак. по 200 таб. Успокоительное и снотворное,200.0,452,30,WB арт.249943301,2026-09-10
Валериана,"Алтайский заготовитель Растительный экстракт корня валерианы, 3 шт по 60 капс",60.0,1650,30,WB арт.879003434,2026-09-10
Валериана,ВТФ Валериана + В6 50 таб.*2уп,50.0,465,30,WB арт.374606876,2026-09-10
Валериана,"Алтайский заготовитель Растительный экстракт корня валерианы, 60 капс",60.0,708,30,WB арт.700425798,2026-09-10
Валериана,Consumed Валериана экстракт форте + В6 табл. 600 мг №30 - 2 упак,6.0,790,30,WB арт.337295044,2026-09-10
Витамин C,NOW С-500 Витамин C 500 мг 100 таб,100.0,662,30,WB арт.268532019,2026-09-10
Витамин C,"NOW Витамин C 500 с шиповником, 100 таблеток",100.0,1048,30,WB арт.389668973,2026-09-10
Витамин C,"NOW Витамин C 500 + шиповник, 100 таблеток",100.0,1099,30,WB арт.261218620,2026-09-10
Витамин C,"Doctor's BEST Витамин С 500 мг и биофлавоноиды для иммунитета, 60 таблеток",60.0,1428,30,WB арт.491674580,2026-09-10
Витамин C,"NOW Витамин C 500 + шиповник, 100 таблеток",100.0,1092,30,WB арт.261213067,2026-09-10
Витамин C,"NOW Витамин C 500 с шиповником, 100 таблеток",100.0,1092,30,WB арт.274324796,2026-09-10
Витамин C,Natures Plus Витамин С 500 мг Аскорбиновая кислота 90 таблеток,90.0,1332,30,WB арт.557662037,2026-09-10
Витамин C,BioTechUSA Жевательный Витамин C Vitamin C 500 мг 120 таб,120.0,1480,30,WB арт.356028718,2026-09-10
Железо,"без бренда Железо хелат+фолиевая кислота+В12, 120 капс. по 0,65 г",120.0,1089,30,WB арт.430377842,2026-09-10
Железо,"BAI ALTAI Железо хелат, витамины 60 таблеток",60.0,158,30,WB арт.806104370,2026-09-10
Железо,Olimp Sport Nutrition Железо Хелат железа Chela-Ferr Forte 30 капс,30.0,1001,30,WB арт.505126942,2026-09-10
Железо,"Эвалар ANTI-AGE Железо Хелат 250 мг, 60 капсул",60.0,1060,30,WB арт.1095659918,2026-09-10
Родиола,"PROTEIN.COMPANY Родиола + Элеутерококк, PROTEIN COMPANY, 60 капсул",60.0,535,30,WB арт.835938772,2026-09-11
Родиола,ВиС Экстракт родиолы розовой 30 капсул,30.0,510,30,WB арт.262056504,2026-09-11
Гуперзин А,Double Wood Supplements Гуперзин-А Huperzine A 200 мкг 120 таблеток США,120.0,3160,30,WB арт.1360478172,2026-09-11
Гуперзин А,"Nutricost Гуперзин-A 200 мкг, для памяти, 240 капсул",240.0,2778,30,WB арт.1468248047,2026-09-11
Гуперзин А,Double Wood Supplements Гуперзин-А Huperzine A 200 мкг 120 таблеток,120.0,3403,30,WB арт.429114911,2026-09-11
Гуперзин А,"Nutricost Гуперзин-A, 200 мкг, 240 капсул",240.0,3702,30,WB арт.419117169,2026-09-11
Гуперзин А," Гуперзин А, 200 мкг, 120 капсул",120.0,3158,30,WB арт.1518961748,2026-09-11
Гуперзин А,"Nutricost Гуперзин-A, 200 мкг, 240 капсул",240.0,3669,30,WB арт.1466364233,2026-09-11
Гуперзин А," Гуперзин А, 200 мкг, 120 капсул",120.0,3830,30,WB арт.1392396224,2026-09-11
Ресвератрол,Lake Avenue Ресвератрол 60 капсул,60.0,474,30,WB арт.1101746819,2026-09-11
Ресвератрол,"ВИТАМИР Ресвератрол 150 мг, 60 капсул по 340 мг",60.0,1032,30,WB арт.430377412,2026-09-11
Ресвератрол,"California Gold Nutrition Ресвератрол 500 мг поддержка сердца и сосудов, 60 капсул",60.0,1653,30,WB арт.314673400,2026-09-11
Ресвератрол,Lake Avenue Ресвератрол 60 капсул 500 мг,60.0,664,30,WB арт.710025031,2026-09-11
Ресвератрол,Lake Avenue Ресвератрол 60 капсул,60.0,664,30,WB арт.1099152338,2026-09-11
Ресвератрол,Lake Avenue Ресвератрол 60 капсул,60.0,664,30,WB арт.410031949,2026-09-11
Ресвератрол,ВитЭкспресс Ресвератрол №60 таб. 500 мг,60.0,1571,30,WB арт.220877924,2026-09-11
Ресвератрол,Lake Avenue Ресвератрол 60 капсул,60.0,474,30,WB арт.707932186,2026-09-11
Ресвератрол,Lake Avenue Ресвератрол 60 капсул,60.0,573,30,WB арт.1252696489,2026-09-11
Ресвератрол,"Nature’s Answer Ресвератрол, 60 капсул",60.0,4092,30,WB арт.859053309,2026-09-11
Ресвератрол,Lake Avenue Ресвератрол 60 капсул,60.0,553,30,WB арт.443831784,2026-09-11
NAC,"Nutricost NAC, N-Ацетил Цистеин (Acetyl Cysteine), 600 мг, 120 капсул",120.0,1896,30,WB арт.303858269,2026-09-11
NAC,"NOW NAC, N-Ацетил Цистеин (Acetyl Cysteine), 600 мг, 100 капсул",100.0,1375,30,WB арт.1335425887,2026-09-11
NAC,"swanson NAC НАК ацетилцистеин 600 мг, 100 капсул",100.0,1266,30,WB арт.795887408,2026-09-11
NAC,"NOW NAC, N-Ацетил Цистеин (Acetyl Cysteine), 600 мг, 100 капсул",100.0,1499,30,WB арт.817434297,2026-09-11
NAC,"KAL НАК (N-ацетилцистеин ) 600 мг, 30 таблеток",30.0,945,30,WB арт.1208937495,2026-09-11
NAC,Энерго Био Системы NAC ацетилцистеин 600мг 60 капсул,60.0,833,30,WB арт.998101694,2026-09-11
NAC,Doctor's BEST NAC ацетилцистеин 60 капсул для иммунитета печени и почек,60.0,1446,30,WB арт.267523761,2026-09-11
NAC,Nutricost NAC веганский N-ацетил L-цистеин 600 мг 120 капсул,120.0,1625,30,WB арт.332985454,2026-09-11
NAC,"NOW NAC, N-Ацетил Цистеин (Acetyl Cysteine), 600 мг, 100 капсул",100.0,1515,30,WB арт.817434321,2026-09-11
Цинк,РеалКапс Цинк Хелат Zn 25мг 30 капсул,30.0,363,30,WB арт.261806467,2026-09-11
Цинк,РеалКапс Цинк хелат Zn 25 мг. № 100 капс,100.0,696,30,WB арт.26260371,2026-09-11
Цинк,PRO TELO Цинк (хелат) 25 мг 90 капсул,90.0,1368,30,WB арт.580175492,2026-09-11
Цинк,"Natural Factors Хелат цинка 25 мг, 90 таблеток",90.0,1156,30,WB арт.279408827,2026-09-11
Цинк, Мирролла Цинк хелат 25мг 40 таблеток,40.0,420,30,WB арт.489402352,2026-09-11
Эхинацея,"Алфит Плюс Эхинацея экстракт, 60 капсул",60.0,391,30,WB арт.310038929,2026-09-11
Эхинацея,NOW Echinacea 400мг 100 капс эхинацея Экстракт Эхинацеи рудбекия,100.0,1131,30,WB арт.287824258,2026-09-11
Эхинацея,"GLS pharmaceuticals Эхинацея 100 мг для иммунитета, 60 капсул",60.0,609,30,WB арт.331599736,2026-09-11
Эхинацея,Amway Эхинацея Плюс Nutrilite 120 таб для иммунитета + витамин с,120.0,3189,30,WB арт.861642023,2026-09-11
Рибофлавин,"В-МИН ""7-В Комплекс"", витамины группы B, 90 таблеток",90.0,234,30,WB арт.481202575,2026-09-11
Рибофлавин,"В-МИН ""7-В Комплекс"", витамины группы B, 60 таблеток",60.0,240,30,WB арт.481191648,2026-09-11
Лютеин + зеаксантин,"Natural Factors Лютеин для глаз, 20 мг, 120 капсул",120.0,1510,30,WB арт.556155352,2026-09-11
Лютеин + зеаксантин,"NOW Lutein & Zeaxanthin - Здоровье глаз, 60 капсул",60.0,2091,30,WB арт.310015913,2026-09-11
Лютеин + зеаксантин,"NOW лютеин и зеаксантин, 60 капсул",60.0,2089,30,WB арт.389669092,2026-09-11
Лютеин + зеаксантин,Jarrow Formulas Лютеин 20 мг 60 капсул,60.0,3359,30,WB арт.219530036,2026-09-11
Лютеин + зеаксантин,"2SN Лютеин, витамины для глаз, зеаксантин 120 капс",120.0,1475,30,WB арт.193664935,2026-09-11
Лютеин + зеаксантин,Natural Factors Лютеин 20 мг и Зеаксантин витамины 120 капсул,120.0,2145,30,WB арт.959606136,2026-09-11
Лютеин + зеаксантин,Люкомин Витамины для глаз 30таб.х2уп,30.0,954,30,WB арт.390014847,2026-09-11
Креатин,"Prime Kraft Креатин моногидрат Creatine Monohydrate, без вкуса 200 гр",200.0,467,30,WB арт.4219394,2026-09-12
Креатин,PWR ultimate power Креатин моногидрат порошок creatine 300 г,300.0,571,30,WB арт.136906466,2026-09-12
Креатин,"Prime Kraft Креатин Creatine Monohydrate 100% Pure (без вкуса), 500 гр",500.0,1100,30,WB арт.13257465,2026-09-12
Креатин,BioTechUSA Креатин моногидрат 100% Creatine Monohydrate 500 г,500.0,4069,30,WB арт.776438152,2026-09-12
Креатин,"Prime Kraft Креатин Creatine Monohydrate, Ананас 200 гр",200.0,525,30,WB арт.120930473,2026-09-12
Креатин,MAXLER Креатин моногидрат Creatine 100% Monohydrate 500 г без вкуса,500.0,3782,30,WB арт.146877839,2026-09-12
Креатин,"BIOVIN Креатин моногидрат порошок, спортивное питание creatine 300г",300.0,385,30,WB арт.59102656,2026-09-12
Креатин,Olimp Sport Nutrition Креатин моногидрат порошок creatine 250г Olimp,250.0,1344,30,WB арт.1010550976,2026-09-12
Креатин,"Galvanize Nutrition Creatine Monohydrate 5000 mg 500 г, Без вкуса",500.0,2177,30,WB арт.945688290,2026-09-12
Креатин,"Prime Kraft Креатин Creatine Monohydrate, Энергетик 200 гр",200.0,585,30,WB арт.228766204,2026-09-12
Омега-3,NOW Омега-3 1000мг 100 капсул,100.0,1317,30,WB арт.536115960,2026-09-12
Омега-3,RealCaps Омега 3 1000 мг 90 капсул,90.0,779,30,WB арт.412318776,2026-09-12
Омега-3,SOLGAR Омега-3 1000 мг 120 капсул Концентрат рыбьего жира,120.0,1421,30,WB арт.1300049559,2026-09-12
Витамин D,"Miosuperfood Витамин Д3 2000 ме, 180 таблеток",180.0,285,30,WB арт.985262822,2026-09-12
Витамин D,"Эвалар Витамин Д3 К2 2000 ME, 60 таблеток",60.0,457,30,WB арт.39667608,2026-09-12
Витамин D," Витамин Д3 2000 (vitamin D3), 120 капсул",120.0,1023,30,WB арт.1287233024,2026-09-12
Витамин D,Uplex Витамин Д3 2000 МЕ 60 капсул для поддержки организма,60.0,225,30,WB арт.723033725,2026-09-12
Витамин D,"VPLab Витамин Д3 2000 МЕ для сердца, костей и зубов 180капсул",180.0,770,30,WB арт.295624491,2026-09-12
Витамин D, Мирролла Витамин D3 2000 МЕ 50 таблеток-2упаковки,50.0,652,30,WB арт.485795879,2026-09-12
Витамин D,bee lab Витамин D3 90 капс. 2000 МЕ,90.0,1344,30,WB арт.493027074,2026-09-12
Витамин D,NOW Foods Витамин D3 50 мкг (2 000 МЕ) 120 капсул НАУ фудс,120.0,1251,30,WB арт.481509049,2026-09-12
Витамин D,Компас Здоровья витамин d3 2000ме n120 капс по 300мг-1шт,120.0,508,30,WB арт.232812937,2026-09-12
B12,NOW Methyl B 12 1000 мкг Витамин б12 100 таблеток,100.0,1521,30,WB арт.165693625,2026-09-12
Магний,Purely Holistic Магний Глицинат 400 мг 270 таблеток,270.0,697,30,WB арт.271351599,2026-09-12
Магний,Эвалар Магний хелат 400 мг легкодоступный Эвалар 60 таблеток,60.0,1295,30,WB арт.924076386,2026-09-12
Магний,Эвалар Магний хелат 400 мг Эвалар 120 таблеток,120.0,1899,30,WB арт.536106108,2026-09-12
Магний,Purely Holistic Магний Глицинат 400 мг 270 таблеток,270.0,690,30,WB арт.707932247,2026-09-12
Магний,"NAWI Магний глицинат 400мг и витамин в6, 60 капсул магний хелат",60.0,670,30,WB арт.241689045,2026-09-12
Магний,"Double Wood Supplements Магний бисглицинат,(Magnesium Glycinate), 400 мг, 180 капсул",180.0,2095,30,WB арт.1221594917,2026-09-12
Магний,"Эрбайр Магний глицинат + Витамин B6, 400 мг, 90 капсул",90.0,309,30,WB арт.351487563,2026-09-12
Магний,"Norway Nature Магний Глицинат 400мг, 90 капсул",90.0,1845,30,WB арт.277085185,2026-09-12
Магний,Nutri ONN Магний глицинат 90 капсул,90.0,698,30,WB арт.410032157,2026-09-12
Магний,MEDICA MENTE Магний хелат глицинат 400 мг с витамином В6 120 капсул,120.0,517,30,WB арт.542521458,2026-09-12
Кофеин,MAXLER Кофеин 200 мг 100 табл,100.0,1363,30,WB арт.165213182,2026-09-12
Кофеин,Mutant Кофеин безводный 200 мг для выносливости Caffeine 240 табл,240.0,1351,30,WB арт.122485736,2026-09-12
Бакопа,NewOrganic Бакопа Монье 30 капсул по 500 мг Bacopa Monnieri,30.0,896,30,WB арт.142620729,2026-09-12
Бакопа,Натураведа Бакопа монье для мозга 2 уп по 60 таб,60.0,705,30,WB арт.529349243,2026-09-12
Бакопа,Fungiline Бакопа Монье Bacopa Monnieri • 60 капсул,60.0,1222,30,WB арт.217054864,2026-09-12
Бакопа,aTech nutrition БАД Бакопа Монье 60 + 60 капсул,60.0,739,30,WB арт.178086244,2026-09-12
Ежовик,ГрибNik Ежовик гребенчатый Lions Mane мицелий 200 капсул,200.0,928,30,WB арт.876874615,2026-09-12
Ежовик,ГрибNik Ежовик гребенчатый Lions Mane мицелий 120 капсул 500мг,120.0,772,30,WB арт.142604767,2026-09-12
Ежовик,"биолит Ежовик гребенчатый для памяти и внимания, 60 капсул",60.0,1147,30,WB арт.404051605,2026-09-12
Ежовик,"vitmins Ежовик гребенчатый, 120 капсул",120.0,916,30,WB арт.437391719,2026-09-12
Гинкго,Vitality of nature Vitality гинкго билоба 100 капсул,100.0,1301,30,WB арт.964601584,2026-09-12
Гинкго,ГрибNik Экстракт Гинкго Билоба + коэнзим q10 60 капсул,60.0,549,30,WB арт.879404447,2026-09-12
Гинкго,"NOW Ginkgo Biloba, нау гинкго билоба 120 мг 50 капс",50.0,853,30,WB арт.287829663,2026-09-12
Гинкго,"NATROL Гинкго билоба, витамины для памяти, 60 капсул",60.0,2342,30,WB арт.1023397010,2026-09-12
Гинкго,"Doctor's Best, Inc. Гинкго билоба 120 мг, 120 капсул",120.0,1787,30,WB арт.1008379283,2026-09-12
Гинкго, Гинкго Билоба 500 мг 270 капсул для памяти и работы мозга,270.0,1098,30,WB арт.1028709975,2026-09-12
Фосфатидилсерин,NOW Phosphatidyl Serine Фосфатидил Серин 100 мг - 60 капсул,60.0,1560,30,WB арт.323251901,2026-09-12
Фосфатидилсерин,ГрибNik Фосфатидилсерин + гинкго билоба 60 капсул,60.0,1344,30,WB арт.1022197126,2026-09-12
Фосфатидилсерин,NOW Phosphatidyl Serine 100 mg Фосфатидил Серин 100 мг 60 капсул,60.0,2194,30,WB арт.174824344,2026-09-12
Фосфатидилсерин,"GraFLab Фосфатидилсерин, 510 мг, 60 капсул",60.0,1799,30,WB арт.825141581,2026-09-12
Alpha-GPC,"Jarrow Formulas Alpha GPC 300 mg - Альфа ГФХ, 60 капсул",60.0,4617,30,WB арт.296339026,2026-09-12
Alpha-GPC, NeuroActive Alpha GPC Альфа ГПС 99% 60 капс 300мг,60.0,1948,30,WB арт.527859975,2026-09-12
Alpha-GPC,"SNT (Swiss Nutrition Technology) Витамин B4 (холин) SNT Alpha GPC 300 мг, 90 капсул",90.0,3868,30,WB арт.760422846,2026-09-12
Alpha-GPC,Double Wood Supplements Альфа-ГФХ Alpha GPC 300 мг 60 капсул США,60.0,2759,30,WB арт.1360536751,2026-09-12
Alpha-GPC,"Noxygen Alpha GPC 300мг 60 капс. ноотроп, эйфоретик, энергетик",60.0,3118,30,WB арт.232066802,2026-09-12
Alpha-GPC,Double Wood Supplements Альфа-ГФХ Alpha GPC 300 мг 60 капсул,60.0,3431,30,WB арт.383711914,2026-09-12
Гуперзин А,Double Wood Supplements Гуперзин-А Huperzine A 200 мкг 120 таблеток США,120.0,3329,30,WB арт.1360478172,2026-09-12
Гуперзин А,"Source Naturals, Wellness Гуперзин A, 100 мкг, 60 таблеток",60.0,2617,30,WB арт.1304172693,2026-09-12
Гуперзин А,Double Wood Supplements Гуперзин-А Huperzine A 200 мкг 120 таблеток,120.0,3585,30,WB арт.429114911,2026-09-12
Гуперзин А,"Nutricost Гуперзин-A 200 мкг, для памяти, 240 капсул",240.0,2778,30,WB арт.1468248047,2026-09-12
Гуперзин А," Гуперзин А, 200 мкг, 120 капсул",120.0,3158,30,WB арт.1518961748,2026-09-12
Гуперзин А,"Nutricost Гуперзин-A, 200 мкг, 240 капсул",240.0,3702,30,WB арт.419117169,2026-09-12
Гуперзин А,"Nutricost Гуперзин-A, 200 мкг, 240 капсул",240.0,3669,30,WB арт.1466364233,2026-09-12
Гуперзин А," Гуперзин А, 200 мкг, 120 капсул",120.0,3830,30,WB арт.1392396224,2026-09-12
Ресвератрол,Lake Avenue Ресвератрол 60 капсул,60.0,474,30,WB арт.1101746819,2026-09-12
Ресвератрол,"ВИТАМИР Ресвератрол 150 мг, 60 капсул по 340 мг",60.0,1032,30,WB арт.430377412,2026-09-12
Ресвератрол,Lake Avenue Ресвератрол 60 капсул,60.0,664,30,WB арт.410031949,2026-09-12
Ресвератрол,Lake Avenue Ресвератрол 60 капсул 500 мг,60.0,664,30,WB арт.710025031,2026-09-12
Ресвератрол,Lake Avenue Ресвератрол 60 капсул,60.0,664,30,WB арт.1099152338,2026-09-12
Ресвератрол,Lake Avenue Ресвератрол 60 капсул,60.0,501,30,WB арт.1252696489,2026-09-12
Ресвератрол,Lake Avenue Ресвератрол 60 капсул,60.0,474,30,WB арт.707932186,2026-09-12
Ресвератрол,"Nature’s Answer Ресвератрол, 60 капсул",60.0,4092,30,WB арт.859053309,2026-09-12
Ресвератрол,ВитЭкспресс Ресвератрол №60 таб. 500 мг,60.0,1571,30,WB арт.220877924,2026-09-12
Ресвератрол,Lake Avenue Ресвератрол 60 капсул,60.0,553,30,WB арт.443831784,2026-09-12
NAC,Nutricost NAC веганский N-ацетил L-цистеин 600 мг 120 капсул,120.0,1625,30,WB арт.332985454,2026-09-12
NAC,"Nutricost NAC, N-Ацетил Цистеин (Acetyl Cysteine), 600 мг, 120 капсул",120.0,1896,30,WB арт.303858269,2026-09-12
NAC,"NOW NAC, N-Ацетил Цистеин (Acetyl Cysteine), 600 мг, 100 капсул",100.0,1499,30,WB арт.817434297,2026-09-12
NAC,"swanson NAC НАК ацетилцистеин 600 мг, 100 капсул",100.0,1266,30,WB арт.795887408,2026-09-12
NAC,"NOW NAC, N-Ацетил Цистеин (Acetyl Cysteine), 600 мг, 100 капсул",100.0,1375,30,WB арт.1335425887,2026-09-12
NAC,"NOW NAC N-Ацетил Цистеин 600 мг 100 капсул Foods, США",100.0,1542,30,WB арт.1152975431,2026-09-12
NAC,"KAL НАК (N-ацетилцистеин ) 600 мг, 30 таблеток",30.0,945,30,WB арт.1208937495,2026-09-12
NAC,Doctor's BEST NAC ацетилцистеин 60 капсул для иммунитета печени и почек,60.0,1507,30,WB арт.267523761,2026-09-12
NAC,"NOW NAC, N-Ацетил Цистеин (Acetyl Cysteine), 600 мг, 100 капсул",100.0,1515,30,WB арт.817434321,2026-09-12
Цинк,РеалКапс Цинк хелат Zn 25 мг. № 100 капс,100.0,696,30,WB арт.26260371,2026-09-12
Цинк,PRO TELO Цинк (хелат) 25 мг 90 капсул,90.0,1347,30,WB арт.580175492,2026-09-12
Цинк,"Natural Factors Хелат цинка 25 мг, 90 таблеток",90.0,1156,30,WB арт.279408827,2026-09-12
Цинк, Мирролла Цинк хелат 25мг 40 таблеток,40.0,420,30,WB арт.489402352,2026-09-12
Цинк,"Natural Factors Хелат цинка 25 мг, 90 таблеток",90.0,732,30,WB арт.557622169,2026-09-12
Тирозин,"NOW L-Тирозин (L-Tyrosine) 500 мг, 120 капсул",120.0,761,10,WB арт.1332073868,2026-09-12
Тирозин,NOW L-тирозин 500 мг 120 капсул,120.0,763,10,WB арт.1289348686,2026-09-12
Тирозин,NOW L-Тирозин (L-Tyrosine) 500 мг 120 капсул,120.0,1102,10,WB арт.1298762550,2026-09-12
Тирозин,"NOW Аминокислота Тирозин L-Tyrosine 500 мг, 120 капсул",120.0,918,10,WB арт.296207065,2026-09-12
Тирозин,NOW L-тирозин (L-Tyrosine 500mg) 120 капсул,120.0,1314,10,WB арт.556152424,2026-09-12
Тирозин,"NOW L-Тирозин Нау Фудс 500 мг 120 капсул, L-Tyrosine Foods",120.0,1090,10,WB арт.388417937,2026-09-12
Тирозин," L-Тирозин (L-Tyrosine) 500 мг, 120 капсул",120.0,837,10,WB арт.961213563,2026-09-12
Тирозин,"NOW L-Тирозин (L-Tyrosine) 500 мг, 120 капсул",120.0,761,10,WB арт.844970364,2026-09-12
Таурин,Carlson Labs Taurine 1000мг 100 капсул Таурин Нау фудс 1000 мг,100.0,560,30,WB арт.164786199,2026-09-12
Таурин,"NOW Foods Таурин (Taurine) Нау 1000 мг, 100 капсул",100.0,519,30,WB арт.894471989,2026-09-12
Таурин,Life extension Taurine 1000мг 90 капсул Таурин 1000мг,90.0,949,30,WB арт.378498824,2026-09-12
Таурин,"Эвалар Таурин 1000 мг, для улучшения метаболизма, 60 таблеток",60.0,945,30,WB арт.884629736,2026-09-12
CoQ10,NOW CoQ10 CoQ-10 100 mg Коэнзим q10 - 50 капсул,50.0,908,30,WB арт.355561105,2026-09-12
CoQ10,Эвалар Коэнзим Q10 Эвалар Anti-Age 100 мг 60 капсул,60.0,1918,30,WB арт.924084308,2026-09-12
CoQ10,Epic Labs CoQ10 200мг 60 капсул,60.0,559,30,WB арт.310343463,2026-09-12
CoQ10,NOW CoQ10 Коэнзим Q10 Нау 100мг 50капсул,50.0,1250,30,WB арт.323263872,2026-09-12
CoQ10,VivaForte Коэнзим Q10 120 капсул для кожи и волос 100 мг,120.0,408,30,WB арт.385564545,2026-09-12
CoQ10,"NOW Коэнзим Q10 100 мг, 90 капсул",90.0,725,30,WB арт.762792705,2026-09-12
CoQ10,"Best Naturals Коэнзим q10 Coq10 100 мг, 120 капсул",120.0,701,30,WB арт.1104642997,2026-09-12
Пикногенол,"Pycnogenol Strong 40 mg, экстракт приморской сосны, 60 табл",60.0,2419,30,WB арт.558359717,2026-09-12
Пикногенол," Life Extension Пикногенол 100 мг, 60 капсул",60.0,1058,30,WB арт.1312791638,2026-09-12
Пикногенол,"swanson Пикногенол, 100 мг, 30 капсул",30.0,4650,30,WB арт.187627381,2026-09-12
Пикногенол," Life Extension Пикногенол 100 мг, 60 капсул",60.0,1840,30,WB арт.1316880088,2026-09-12
Пикногенол,"NOW Pycnogenol 100 mg, Пикногенол, 60 капсул",60.0,8306,30,WB арт.420923240,2026-09-12
Пикногенол," Life Extension Пикногенол 100 мг, 60 капсул",60.0,1726,30,WB арт.1436977086,2026-09-12
Пикногенол,"Source Naturals Пикногенол Supreme, 60 таблеток",60.0,3069,30,WB арт.1379669962,2026-09-12
Готу кола,"NOW Gotu Kola Готу Кола, Центелла Азиатская 450 мг - 100 капсул",100.0,951,30,WB арт.139223570,2026-09-12
Готу кола,"Nature’s Answer Готу кола 950 мг Центелла, Gotu kola, 90 капсул",90.0,1530,30,WB арт.532163366,2026-09-12
Готу кола,"NOW Gotu Kola 450 mg - Готу кола, 100 капсул",100.0,1062,30,WB арт.176286820,2026-09-12
Готу кола,NOW Gotu Kola Готу Кола 450 мг 100 капсул,100.0,996,30,WB арт.330421031,2026-09-12
Мелатонин,"UltraSupps 5-НТР (5-гидрокситриптофан) для сна, 60 капсул",60.0,1631,30,WB арт.961323150,2026-09-12
Мелатонин,"SOLAB 5 HTP формула сна, с мелиссой 60 капсул",60.0,568,30,WB арт.1217610349,2026-09-12
Мелатонин,VITAMIR PRO 5 HTP антистресс комплекс витамины для сна 90 таб,90.0,556,30,WB арт.264742962,2026-09-12
ГАБА,aTech nutrition Premium ГАБА антистресс 60 капсул,60.0,667,30,WB арт.1433250323,2026-09-12
ГАБА,"ВИТАМИР БАД Глутаминовая кислота для спорта, от стресса 30 таб",30.0,312,30,WB арт.11759034,2026-09-12
ГАБА, Глутаминовая кислота 500 мг от стресса 30 табл,30.0,588,30,WB арт.484487927,2026-09-12
ГАБА,ВИТАМИР Глутаминовая кислота 500 мг 30 таблеток по 615мг,30.0,593,30,WB арт.560633706,2026-09-12
Глицин,Dr Mybo Экстракты Гинкго Билоба + Глицин 90 таблеток,90.0,637,60,WB арт.523148205,2026-09-12
Глицин,"Эвалар Глицин Форте 300 мг, для борьбы со стрессом, 120 таб",120.0,525,60,WB арт.1121028041,2026-09-12
Валериана,"Алтайский заготовитель Растительный экстракт корня валерианы, 3 шт по 60 капс",60.0,1650,30,WB арт.879003434,2026-09-12
Валериана,ВТФ Валериана + В6 50 таб.*2уп,50.0,465,30,WB арт.374606876,2026-09-12
Валериана,СЕКРЕТЫ ДОЛГОЛЕТИЯ Валериана П 2 упак. по 200 таб. Успокоительное и снотворное,200.0,452,30,WB арт.249943301,2026-09-12
Валериана,ФармГрупп Валериана витамин В6 60 капсул успокоительное от стресса,60.0,368,30,WB арт.963225104,2026-09-12
Валериана," Валериана ""ЭКО"", 3 банки, 150 таблеток",150.0,160,30,WB арт.497214798,2026-09-12
Валериана,"Алтайский заготовитель Растительный экстракт корня валерианы, 60 капс",60.0,708,30,WB арт.700425798,2026-09-12
Валериана,"Алтайский заготовитель Растительный экстракт корня валерианы, 2 шт по 60 капс",60.0,1223,30,WB арт.879003433,2026-09-12
Валериана,Consumed Валерианы экстракт+В6 табл. N50 - 2 упак,6.0,504,30,WB арт.337299039,2026-09-12
Бета-аланин,Prime Kraft Beta-alanine PRIMEKRAFT Бета-аланин Без вкуса 200 гр,200.0,611,30,WB арт.61912583,2026-09-12
Бета-аланин,BioTechUSA Бета-Аланин Beta-Alanine 4000 mg 300 г,300.0,2814,30,WB арт.948786433,2026-09-12
Бета-аланин,"BombBar Бета аланин порошок beta alanine, 300 г",300.0,585,30,WB арт.316192274,2026-09-12
Бета-аланин,RLINE Бета-Аланин порошок без вкуса 200гр,200.0,781,30,WB арт.897891424,2026-09-12
L-цитруллин,BIOVIN порошок аминокислоты цитрулин 250гр спортивное питание,250.0,421,30,WB арт.276645635,2026-09-12
L-цитруллин,"BombBar Цитруллин малат порошок, аминокислоты 165г",165.0,740,30,WB арт.316192275,2026-09-12
L-цитруллин,Prime-Kraft L-Citrulline Malate 200 г Цитрусовый микс,200.0,1038,30,WB арт.613559951,2026-09-12
L-цитруллин,"BombBar Цитруллин малат порошок, аминокислоты 165г",165.0,740,30,WB арт.140425183,2026-09-12
L-цитруллин,Just Fit Nutrition Just Fit Citrulline Цитруллин Малат 200 г банка со вкусом ма…,200.0,1094,30,WB арт.527806273,2026-09-12
L-цитруллин,"Just Fit Nutrition Just Fit Just L-Citrulline 200 грамм, Цитруллина малат",200.0,1073,30,WB арт.575954096,2026-09-12
L-цитруллин,Just Fit Nutrition Just Fit Citrulline Цитруллин Малат 200 г банка со вкусом ле…,200.0,1094,30,WB арт.527798919,2026-09-12
Витамин C,NOW С-500 Витамин C 500 мг 100 таб,100.0,662,30,WB арт.268532019,2026-09-12
Витамин C,"NOW Витамин C 500 + шиповник, 100 таблеток",100.0,983,30,WB арт.261213067,2026-09-12
Витамин C,"NOW Витамин C 500 + шиповник, 100 таблеток",100.0,1004,30,WB арт.261218620,2026-09-12
Витамин C,"Natures bounty Витамин С и Шиповник 500 мг, 100 таблеток",100.0,649,30,WB арт.493751069,2026-09-12
Витамин C,"NOW Витамин C 500 с шиповником, 100 таблеток",100.0,1048,30,WB арт.389668973,2026-09-12
Эхинацея,"Алфит Плюс Эхинацея экстракт, 60 капсул",60.0,391,30,WB арт.310038929,2026-09-12
Эхинацея,Amway Эхинацея Плюс Nutrilite 120 таб для иммунитета + витамин с,120.0,3189,30,WB арт.861642023,2026-09-12
Бузина,"пчела и человек Бузина чёрная, экстракт, 60 капсул",60.0,730,30,WB арт.709469465,2026-09-12
Зверобой,Для здоровья Зверобой экстракт 60 капсул,60.0,517,30,WB арт.159667552,2026-09-12
5-HTP,Sunshine Nutrition 5-HTP (5-гидрокситриптофан) 100 мг 100 капсул,100.0,893,30,WB арт.935917199,2026-09-12
5-HTP,NOW 5 HTP Витамины для Сна 100 мг 60 капсул,60.0,1154,30,WB арт.1298060597,2026-09-12
5-HTP,"NOW 5-HTP, 5-Гидрокситриптофан 100 мг - 60 капсул",60.0,503,30,WB арт.1207032006,2026-09-12
5-HTP,California Gold Nutrition 5-HTP 100 мг 90 капсул,90.0,682,30,WB арт.727877125,2026-09-12
5-HTP,Sunshine Nutrition 5-HTP 100 мг 100 капсул антистресс,100.0,1001,30,WB арт.936995360,2026-09-12
5-HTP,California Gold Nutrition 5-HTP 100 мг 90 капсул,90.0,790,30,WB арт.1099138489,2026-09-12
5-HTP,Sunshine Nutrition 5-HTP 100 мг 100 капсул антистресс,100.0,890,30,WB арт.935877708,2026-09-12
5-HTP,"NOW 5-HTP, 100 мг, 60 капсул",60.0,616,30,WB арт.762526417,2026-09-12
5-HTP,NOW 5-HTP 100 мг для сна и нервной системы 60 капсул,60.0,1107,30,WB арт.926880461,2026-09-12
5-HTP,Doctor's BEST 5 HTP 100мг 60 капсул,60.0,1589,30,WB арт.579190515,2026-09-12
Коллаген,"GLS pharmaceuticals Коллаген гидролизат GLS порошок 180 г, лесные ягоды",180.0,956,30,WB арт.850869836,2026-09-12
Коллаген,"WATT NUTRITION Гидролизат Рыбный, FISH COLLAGEN PROTEIN, 250 гр",250.0,1434,30,WB арт.90966401,2026-09-12
Коллаген,"Дермаклиник Дермаклиник Коллаген капсулы массой 0,4 г блистер 60 шт",0.4,414,30,WB арт.822668620,2026-09-12
Коллаген,"GLS pharmaceuticals Коллаген гидролизат GLS порошок 180 г, лесные ягоды",180.0,956,30,WB арт.850857974,2026-09-12
Коллаген,MAXLER Коллаген порошок 100% Collagen Hydrolysa 300 г,300.0,2011,30,WB арт.144772944,2026-09-12
B9,SOLGAR Solgar Фолиевая кислота 400 мкг 100 таблеток,100.0,995,30,WB арт.898179534,2026-09-12
B9,Vitamuno Фолиевая кислота для женщин и мужчин 50 таблеток 100 мг,50.0,90,30,WB арт.58253357,2026-09-12
B9,NOW Фолиевая кислота с витамином В12 Folic Acid 250 таблеток,250.0,792,30,WB арт.295558989,2026-09-12
B9,"RENEWAL Фолиевая кислота 400 мкг Реневал, 90 таблеток, В9 для береме…",90.0,225,30,WB арт.347647488,2026-09-12
Железо,"California Gold Nutrition Железо Hema Plex Хелатное железо, 30 таблеток",30.0,949,30,WB арт.577296614,2026-09-12
Железо,"BAI ALTAI Железо хелат, витамины 60 таблеток",60.0,158,30,WB арт.806104370,2026-09-12
Железо,Olimp Sport Nutrition Железо витамины Chela-Ferr Forte 30 капсул,30.0,1053,30,WB арт.527384202,2026-09-12
Триптофан,"NOW Аминокислота L-триптофан 500 мг от стресса, 120капсул",120.0,2676,30,WB арт.213917058,2026-09-12
Триптофан,"GetVita Триптофан 500 мг (L-tryptophan), 60 капсул",60.0,378,30,WB арт.789507059,2026-09-12
Триптофан,"Nutricost Л-триптофан (L-Tryptophan) 500 мг, 120 капсул",120.0,2025,30,WB арт.366604836,2026-09-12
Триптофан,"NOW Аминокислота L-триптофан 500 мг от стресса, 60 капсул",60.0,1663,30,WB арт.1283166064,2026-09-12
Триптофан,NaturalSupp L-триптофан №60 капс массой 500мг,60.0,1031,30,WB арт.1288033198,2026-09-12
Триптофан,NOW L-Tryptophan 500мг 60 капсул Нау триптофан в капсулах,60.0,1317,30,WB арт.163817425,2026-09-12
Триптофан,"Naturalsphere L-триптофан 500 мг 90 капсул. При сниженном настроении, трев…",90.0,911,30,WB арт.1556360378,2026-09-12
Триптофан,"NOW L-триптофан, 1000 мг, 60 таблеток",60.0,1977,30,WB арт.444711811,2026-09-12
Триптофан,BioTech USA Аминокислота Триптофан L-Tryptophan 60 капсул,60.0,1217,30,WB арт.309468643,2026-09-12
Триптофан,"Scitec Nutrition Триптофан аминокислота Tryptophan, 60 капсул",60.0,860,30,WB арт.377392596,2026-09-12
Глюкозамин + хондроитин, Vitality глюкозамин хондроитин MSM 90 таблеток,90.0,1441,30,WB арт.968941530,2026-09-12
Глюкозамин + хондроитин,"NOW Глюкозамин, Хондроитин (Glucosamine Chondroitin), 120 таб",120.0,3588,30,WB арт.758762552,2026-09-12
Глюкозамин + хондроитин,IQBIQ Глюкозамин Хондроитин MSM для суставов и связок 90 таблеток,90.0,969,30,WB арт.969654770,2026-09-12
Глюкозамин + хондроитин,UltraSupps Glucosamine & Chondroitin & MSM 60 таблеток,60.0,2017,30,WB арт.379343051,2026-09-12
Глюкозамин + хондроитин,BombBar Glucosamine Chondroitin MSM 90 таблеток,90.0,1270,30,WB арт.964873570,2026-09-12
Глюкозамин + хондроитин,"BIOVIN Глюкозамин и Хондроитин для суставов, костей 120 таб",120.0,274,30,WB арт.1297114758,2026-09-12
Витамин E,Healthy Origins Витамин Е для иммунитета 90 капсул 400 ме,90.0,505,30,WB арт.707932258,2026-09-12
Витамин E,"Healthy Origins Витамин Е 400 МЕ 180 капсул, 268 мг",180.0,894,30,WB арт.595088057,2026-09-12
Витамин E,Мед и Конфитюр Витамин Е 400 МЕ RealCaps 30 капс,30.0,665,30,WB арт.94505121,2026-09-12
Витамин E,Healthy Origins Витамин Е 90 капсул 400 ме,90.0,543,30,WB арт.488761431,2026-09-12
Витамин E,"Healthy Origins Витамин Е 400 МЕ 180 капсул, 268 мг",180.0,987,30,WB арт.1228781879,2026-09-12
Витамин E,"NOW Витамин Е 400 МЕ с токоферолами, 50 капсул",50.0,518,30,WB арт.276869400,2026-09-12
Витамин K2,"NOW Foods Витамин K2 MK‑7 100 мкг менахинон‑7, 120 капсул",120.0,1436,30,WB арт.1207411561,2026-09-12
Витамин K2,aTech nutrition Витамин К2 для ЖКТ и костей мк-7 90 капсул МЖК,90.0,441,30,WB арт.418108583,2026-09-12
Витамин K2,NOW Витамин К-2 МК-7 100 мкг 60 капсул,60.0,1250,30,WB арт.585053720,2026-09-12
Витамин K2,"Life extension Витамин К2 (МК-7), 45 мкг, 90 капсул",90.0,1924,30,WB арт.291811950,2026-09-12
Витамин K2,"NOW Foods MK-7 Витамин K-2, 100 мкг, 120 капсул",120.0,882,30,WB арт.760328923,2026-09-12
Витамин K2,VITAMIR PRO Витамин К2 МК7 МЕНАХИНОН 7 для сердца 60 таб,60.0,485,30,WB арт.303972818,2026-09-12
Витамин K2,NOW MK-7 Vitamin K-2 100мкг (MenaQ7) 60капс МК-7 витамин К 2,60.0,1244,30,WB арт.279898675,2026-09-12
Биотин,"NATROL Biotin, 10 000 мкг, Биотин 100 таб",100.0,2136,30,WB арт.481171200,2026-09-12
L-карнитин,MAXLER Макслер Л-Карнитин Капс 750 Maxler L-Carnitine Caps 750 капс…,750.0,1593,30,WB арт.822682445,2026-09-12
L-карнитин,Prime Kraft L-Carnitine L-Tartrate 1550 mg 90 капс 45 порций Л-карнитин,90.0,597,30,WB арт.34585887,2026-09-12
L-карнитин,"NOW Ацетил L-Карнитин(Acetyl-L-Carnitine), 500 мг, 50 капсул",50.0,1179,30,WB арт.758709811,2026-09-12
L-карнитин,NOW L-карнитин L-Carnitine 250 мг 60 капсул,60.0,1056,30,WB арт.418785079,2026-09-12
BCAA,JUST FIT Just ВСАА 2 1 1 Аминокислоты 200 г тропический микс,200.0,1042,30,WB арт.299220495,2026-09-12
BCAA,"Nutrex Аминокислоты BCAA спортивное питание порошок БЦАА, 237 г",237.0,2085,30,WB арт.229862008,2026-09-12
BCAA,"Prime Kraft BCAA BCAA 2 1 1 500 г, Зеленое яблоко",500.0,1357,30,WB арт.1281368275,2026-09-12
BCAA,BombBar BCAA 2-1-1 аминокислоты спортивное питание порошок 300 г,300.0,1305,30,WB арт.152992340,2026-09-12
BCAA,"Just Fit Nutrition Just Fit Just BCAA 2 1 1 400 грамм, Аминокислоты BCAA",400.0,1745,30,WB арт.576012289,2026-09-12
BCAA,Scitec Nutrition BCAA Xpress. Амино. Бцаа 280 гр,280.0,1884,30,WB арт.164935202,2026-09-12
BCAA,Rule 1 Аминокислота BCAA 348 грамм,348.0,867,30,WB арт.464572024,2026-09-12
BCAA,"Be First BCAA Classic Powder БЦАА 2 1 1 порошок 200 г, Экзотик",200.0,1152,30,WB арт.122243751,2026-09-12
Аргинин,"Just Fit Nutrition L - Arginine, порошок, вкус апельсин, 200 грамм",200.0,1011,30,WB арт.719916550,2026-09-12
Аргинин,"BombBar л аргинин порошок aakg аминокислоты, 180 г",180.0,964,30,WB арт.140424460,2026-09-12
Аргинин,Just Fit Nutrition Just Fit Arginine L-Аргинин 500 г со вкусом апельсина,500.0,2073,30,WB арт.505151418,2026-09-12
Аргинин,MAXLER Аргинин ААКГ Arginine AAKG 300 гр,300.0,2705,30,WB арт.365285415,2026-09-12
Аргинин,"OstroVit Аргинин порошок 210 г, l Arginine для мышц",210.0,1633,30,WB арт.213293654,2026-09-12
Аргинин,"OstroVit Аргинин порошок 210 г, L Arginine для мышц",210.0,1544,30,WB арт.287071940,2026-09-12
Аргинин,Natural Time Аргинин порошок 150г с ложкой,150.0,439,30,WB арт.599242747,2026-09-12
Аргинин,SportLine Nutrition Л аргинин порошок L-Arginine ААКГ 500 гр,500.0,1893,30,WB арт.46265644,2026-09-12
Кальций,Vitality of nature Vitality кальций и витамин D3 90 таблеток,90.0,1366,30,WB арт.971696049,2026-09-12
Кальций,"Эвалар Кальций 1000 мг + Д3 400 МЕ, для костей, 60 таблеток",60.0,456,30,WB арт.335651420,2026-09-12
Кальций,"Эвалар Кальций 1000 мг + Д3 400 МЕ, для костей, 30 таблеток",30.0,333,30,WB арт.39842686,2026-09-12
Кальций,optisana Кальций и витамин Д3 KALSIUM+D-VITA 200 таб,200.0,1075,30,WB арт.305045909,2026-09-12
Кальций,Consumed Витамины Кальций Д3 Форте 120 таблеток,120.0,590,30,WB арт.858581030,2026-09-12
Гиалуроновая кислота,ВИТАМИР БАД Гиалуроновая кислота 150 мг для кожи и суставов 30 капс,30.0,648,30,WB арт.301602430,2026-09-12
Гиалуроновая кислота,NOW Гиалуроновая кислота Hyaluronic Acid 120 капс,120.0,2249,30,WB арт.241819739,2026-09-12
Гиалуроновая кислота,IMBIAN Гиалуроновая кислота 120 капсул,120.0,682,30,WB арт.245885801,2026-09-12
Гиалуроновая кислота,"GLS pharmaceuticals Гиалуроновая кислота для суставов и кожи, 60 капсул",60.0,474,30,WB арт.240505227,2026-09-12
Псиллиум,Эндакси Псиллиум шелуха семян подорожника 500г,500.0,665,30,WB арт.174854889,2026-09-12
Псиллиум,"Spirulinafood Псиллиум шелуха семян подорожника, 200 гр",200.0,284,30,WB арт.9731418,2026-09-12
Псиллиум,Natiors Псиллиум шелуха семян подорожника 500 гр,500.0,665,30,WB арт.380948050,2026-09-12
Псиллиум,VITAMIR PRO Псиллиум порошок + слива слабительное для похудения 180 гр,180.0,669,30,WB арт.280551595,2026-09-12
Псиллиум,VeganNova Шелуха семян подорожника Псиллиум порошок 200г,200.0,529,30,WB арт.1480487955,2026-09-12
Псиллиум,Natiors Псиллиум шелуха семян подорожника 200 г,200.0,389,30,WB арт.1522988631,2026-09-12
Псиллиум,VeganNova Шелуха семян подорожника Псиллиум порошок 900г,900.0,927,30,WB арт.1416499520,2026-09-12
Псиллиум,ГУДиФУД Псиллиум шелуха семян подорожника клетчатка 200г в пакете,200.0,249,30,WB арт.1416684051,2026-09-12
Псиллиум,BioHerb Шелуха семян подорожника Псиллиум порошок 450г,450.0,569,30,WB арт.1416499522,2026-09-12
Псиллиум,Yankov Псиллиум шелуха подорожника 200г,200.0,369,30,WB арт.1469379965,2026-09-12
Имбирь,Дивинка Порошок имбирь 2 шт по 140 гр,140.0,730,30,WB арт.391131225,2026-09-12
Имбирь,"LALITA Имбирь молотый ДЕЛЮКС (DELUXE), 100 г",100.0,565,30,WB арт.438457718,2026-09-12
Имбирь, Имбирь молотый 500г,500.0,575,30,WB арт.1235940803,2026-09-12
Имбирь,zellwell Имбирь молотый 100 г,100.0,407,30,WB арт.615511054,2026-09-12
Имбирь, Имбирь молотый 100гр,100.0,249,30,WB арт.1181623993,2026-09-12
Имбирь,STOING Имбирь 1 1 сухой порошок СТОИНГ 100 гр,100.0,788,30,WB арт.1245012917,2026-09-12
Имбирь,"ВкусПрян Имбирь молотый, 100гр",100.0,154,30,WB арт.267319932,2026-09-12
Имбирь,"Орехов и Ко Имбирь молотый сушеный в банке, 150 грамм",150.0,376,30,WB арт.440480427,2026-09-12
Чеснок,"GLS pharmaceuticals Экстракт Чеснока (аллицин 5 мг), 60 капсул",60.0,577,30,WB арт.195340449,2026-09-12
Чеснок,"Вистерра Чеснок экстракт, 60 капсул от",60.0,698,30,WB арт.387374952,2026-09-12
Чеснок,Kyolic Экстракт чеснока 100 таблеток,100.0,2552,30,WB арт.182532841,2026-09-12
Чеснок,"Вистерра Чеснок, 60 капсул от",60.0,698,30,WB арт.388345100,2026-09-12
Чеснок,"Kongka Herb Тайская травяная смесь с экстрактом чеснока, 100 капсул",100.0,788,30,WB арт.648067929,2026-09-12
Пустырник,Фарм-про пустырник+витамин в6 крепкие нервы n40 табл по 100мг - 2шт,40.0,634,30,WB арт.583934697,2026-09-12
Пустырник, Пустырника экстракт 300 таб,300.0,1045,30,WB арт.1137952576,2026-09-12
Боярышник,Алвитта Боярышник экстракт растительный 180 капсул по 500 мг,180.0,1068,30,WB арт.304477722,2026-09-12
Боярышник,Алвитта Боярышник экстракт растительный 45 капсул по 500 мг,45.0,427,30,WB арт.776828403,2026-09-12
Берберин,Энерго Био Системы Берберин 98% 500 мг 60 капсул,60.0,964,30,WB арт.1221556675,2026-09-12
Берберин,"Nutrivim Берберин с хромом, жиросжигатель для похудения, 60 капсул",60.0,576,30,WB арт.1267211435,2026-09-12
Берберин,Вистерра Берберин для похудения и снижения аппетита 60 капсул,60.0,935,30,WB арт.370917096,2026-09-12
Берберин,Best Naturals Биологически активная добавка Берберин 1200 мг 90 капсул,90.0,627,30,WB арт.1360151451,2026-09-12
Берберин,NaturalSupp Берберин + Хром 60 капсул,60.0,782,30,WB арт.1047094928,2026-09-12
Берберин,"California Gold Nutrition Berberine Advanced Берберин 550 мг, 60 капсул",60.0,1337,30,WB арт.1261482757,2026-09-12
Берберин,"Natural Factors WellBetX, берберин (барбарис), 500 мг, 120 капсул",120.0,3676,30,WB арт.206779838,2026-09-12
Бета-глюканы овса,WOW FORMULA Бета-глюкан овса 500 (Oat beta-glucan 500) 60 капсул,60.0,1001,30,WB арт.309963460,2026-09-12
Рибофлавин,"В-МИН ""7-В Комплекс"", витамины группы B, 90 таблеток",90.0,234,30,WB арт.481202575,2026-09-12
Рибофлавин,"В-МИН ""7-В Комплекс"", витамины группы B, 60 таблеток",60.0,240,30,WB арт.481191648,2026-09-12
Лютеин + зеаксантин,"Natural Factors Лютеин для глаз, 20 мг, 120 капсул",120.0,1510,30,WB арт.556155352,2026-09-12
Лютеин + зеаксантин,"NOW Lutein & Zeaxanthin - Здоровье глаз, 60 капсул",60.0,2091,30,WB арт.310015913,2026-09-12
Лютеин + зеаксантин,"Natural Factors Лютеин для глаз, 40 мг, 30 капсул",30.0,876,30,WB арт.555387136,2026-09-12
Лютеин + зеаксантин,"NOW лютеин и зеаксантин, 60 капсул",60.0,1890,30,WB арт.389669092,2026-09-12
Лютеин + зеаксантин,Люкомин Витамины для глаз 30таб.х2уп,30.0,954,30,WB арт.390014847,2026-09-12
Лютеин + зеаксантин,ВТФ Лютеин-комплекс 570мг.х30таб.х1 уп,30.0,1019,30,WB арт.149182810,2026-09-12
Альфа-липоевая кислота,"SOLGAR Альфа - липоевая кислота, 600 мг 50 таблеток",50.0,956,30,WB арт.1345201914,2026-09-12
Альфа-липоевая кислота,"NOW Альфа-липоевая кислота, Alpha Lipoic Acid 250 мг, 60 капсул",60.0,1132,30,WB арт.254254810,2026-09-12
Альфа-липоевая кислота,NOW Альфа липоевая кислота Alpha Lipoic Acid 600мг 60 капсул,60.0,930,30,WB арт.172867444,2026-09-12
D-манноза,"NOW Д-манноза чистый порошок, D-Mannose powder, 85 грамм",85.0,2015,30,WB арт.1301489607,2026-09-12
D-манноза,"Эвалар D-манноза Суперкомплекс N7 пакет-саше пор массой 3,7г",3.7,1464,30,WB арт.1288003732,2026-09-12
D-манноза,"NOW Д-манноза чистый порошок, D-Mannose powder, 85 грамм",85.0,2015,30,WB арт.1484578689,2026-09-12
D-манноза,"Уронекст Уронекст порошок для приема внутрь саше массой 2,6 г 7 шт",2.6,965,30,WB арт.822673235,2026-09-12
Мака,Elfruna Мака перуанская желтая 100г,100.0,605,30,WB арт.1025015882,2026-09-12
Мака,"Здоровая Семья от А до Я Мака перуанская желтая, порошок, 400 г",400.0,1011,30,WB арт.68922106,2026-09-12
Мака,"Здоровая Семья от А до Я Мака перуанская желтая, порошок, 100 г",100.0,299,30,WB арт.68922103,2026-09-12
Хром,"QEEP Пиколинат хрома для похудения, 60 капсул",60.0,1237,30,WB арт.417262785,2026-09-12
Хром,"QEEP Хром пиколинат 250 мкг, 60 капсул",60.0,1237,30,WB арт.1264251687,2026-09-12
Хром,PILULI PILULI Хрома пиколинат 60 капсул для контроля веса,60.0,234,30,WB арт.1186984894,2026-09-12
Хром,"GLS pharmaceuticals Пиколинат Хрома для похудения и снижения аппетита, 60 капсул",60.0,410,30,WB арт.51313355,2026-09-12
Хром,"NOW Хром Пиколинат Нау Фудс, 100 капсул",100.0,721,30,WB арт.719055889,2026-09-12
Кверцетин,NOW Quercetin with Bromelain 120капс Нау Кверцетин с бромелайном,120.0,2365,30,WB арт.284102536,2026-09-12
Кверцетин,"GraFLab Кверцетин 500 мг, 60 капсул",60.0,1199,30,WB арт.411718121,2026-09-12
Кверцетин,SWISS Комплекс с кверцетином 30 капсул,30.0,511,30,WB арт.312190964,2026-09-12
Кверцетин,NOW Кверцетин с бромелаином для иммунитета 60 капсул,60.0,1901,30,WB арт.341467598,2026-09-12
Кверцетин,"MISTERLAB Кверцетин 500 мг, Quercetin, 90 капсул",90.0,1052,30,WB арт.577364309,2026-09-12
Кверцетин,NOW Кверцетин с бромелаином для иммунитета 60 капсул,60.0,1709,30,WB арт.341478794,2026-09-12
Кверцетин,GraFLab Кверцетин 500 мг (Quercetin) 60 капсул,60.0,1199,30,WB арт.825496865,2026-09-12
Астаксантин,NOW Антиоксидант Астаксантин Astaxanthin 4 мг 90 капсул,90.0,1743,30,WB арт.323251933,2026-09-12
Астаксантин,"Life extension Астаксантин с фосфолипидами, Astaxanthin 4мг, 30капсул",30.0,1063,30,WB арт.262199050,2026-09-12
Астаксантин,VITAMIR Витамир Астаксантин 60 капсул,60.0,1320,30,WB арт.500590343,2026-09-12
Астаксантин,NOW Астаксантин 4 мг Astaxanthin для иммунитета и кожи 60 капсул,60.0,1815,30,WB арт.213916893,2026-09-12
Астаксантин,NOW Астаксантин 4 мг Astaxanthin для иммунитета и кожи 60 капсул,60.0,1838,30,WB арт.223220705,2026-09-12
Астаксантин,"Life extension Астаксантин с фосфолипидами, Astaxanthin 4мг, 30капсул",30.0,1141,30,WB арт.514892998,2026-09-12
Астаксантин,NFO Астаксантин 4 мг 60 капсул,60.0,4192,30,WB арт.963586345,2026-09-12
Расторопша,"Алтайский заготовитель Растительный экстракт ""Расторопша"", 60 капсул",60.0,683,30,WB арт.890953286,2026-09-12
Лактоферрин,"GraFLab Лактоферрин, для иммунитета, 60 капсул",60.0,1799,30,WB арт.825262743,2026-09-12
Лактоферрин,"GraFLab Лактоферрин (lactoferrin), 2 банки по 60 капсул",60.0,2799,30,WB арт.825262744,2026-09-12
Лактоферрин,"GraFLab Лактоферрин (lactoferrin), 3 банки по 60 капсул",60.0,3499,30,WB арт.932400066,2026-09-12
Лактоферрин,SimpleSupp Колострум Цинк 120 капсул,120.0,942,30,WB арт.924749186,2026-09-12
Лактоферрин,SimpleSupp Лактоферрин 30 капсул,30.0,784,30,WB арт.927120469,2026-09-12
Лактоферрин,GraFLab Колострум + Лактоферрин Молозиво 60 капсул,60.0,2155,30,WB арт.1484552882,2026-09-12
Лактоферрин,kurunga-shop ЭМ-Курунга пептиды молозива пробиотики 60 капсул,60.0,1199,30,WB арт.248313607,2026-09-12
Лактоферрин,SimpleSupp Лактоферрин 60 капсул,60.0,1112,30,WB арт.927120470,2026-09-12
Лактоферрин,"Jarrow Formulas Лактоферрин сублимированный, 250 мг, 60 капсул",60.0,10921,30,WB арт.287896212,2026-09-12
SAMe,"NOW SAM-E 400мг 30 таблеток для печени, суставов",30.0,4173,30,WB арт.213916622,2026-09-12
SAMe,Life extension Антиоксидант SAMe 400мг S-Adenosyl-Methionine 60 таблеток S-…,60.0,4502,30,WB арт.1335052091,2026-09-12
SAMe,Life extension SAMe 400мг S-Adenosyl-Methionine 30 таблеток S-аденозилметио…,30.0,3325,30,WB арт.588571817,2026-09-12
SAMe,"NOW SAM-E 400мг 30 таблеток для печени, суставов",30.0,4765,30,WB арт.310964497,2026-09-12
Йохимбин,ФармГрупп Йохимбин (йохимбе) + женьшень для мужчин 50 таблеток,50.0,523,30,WB арт.1239010875,2026-09-12
Йохимбин,ФармГрупп Йохимбин + женьшень для мужчин 50 таблеток,50.0,316,30,WB арт.962412490,2026-09-12
Йохимбин, Йохимбин + женьшень для мужчин 50 таблеток,50.0,3194,30,WB арт.1055351519,2026-09-12
Пажитник,"Вистерра Пажитник экстракт, 60 капсул по 500 мг",60.0,430,30,WB арт.879148906,2026-09-12
Пажитник,"Вистерра Пажитник экстракт семян, 60 капсул от",60.0,683,30,WB арт.387341098,2026-09-12
Пажитник,"Вистерра Пажитник для снижения аппетита, холестерина 60 капс",60.0,704,30,WB арт.964483664,2026-09-12
Пажитник,"Вистерра Пажитник для снижения аппетита, холестерина 60 капс",60.0,704,30,WB арт.964499374,2026-09-12
Пажитник,Вистерра Пажитник экстракт 60 капсул,60.0,687,30,WB арт.237032993,2026-09-12
Пажитник,Вистерра Пажитник для снижения аппетита и холестерина 60 капсул,60.0,647,30,WB арт.705907638,2026-09-12
Пажитник,Вистерра Пажитник экстракт 60 капсул,60.0,704,30,WB арт.964499060,2026-09-12
Пажитник,"Westpharm Vegan line Фенугрек, 60 капсул",60.0,1244,30,WB арт.152153160,2026-09-12
Трибулус," ALLMAX Trib90, 750 мг, 90 капсул из США",90.0,3921,30,WB арт.1381482095,2026-09-12
NMN/NR,"MISTERLAB NMN Никотинамид Мононуклеотид 500 мг, 90 капсул",90.0,1059,30,WB арт.1389940205,2026-09-12
NMN/NR,Santa Health NMN Никотинамид мононуклеотид 500 мг 180 капсул,180.0,1114,30,WB арт.1455939945,2026-09-12
NMN/NR,Double Wood Supplements NMN Никотинамид мононуклеотид 125 мг 60 капсул,60.0,2100,30,WB арт.1098533437,2026-09-12
NMN/NR,Stabizym NMN НМН 300 мг ( Одна банка 120 капсул ),120.0,1884,30,WB арт.1057162825,2026-09-12
NMN/NR,"MISTERLAB NMN Никотинамид Мононуклеотид 500 мг, 90 капсул",90.0,1059,30,WB арт.1389906864,2026-09-12
Кордицепс,NOW Foods Кордицепс китайский гриб для иммунитета Cordyceps 90 капсул,90.0,1991,30,WB арт.218664024,2026-09-12
Кордицепс,NOW Кордицепс Cordyceps для иммунитета 90 капсул,90.0,1109,30,WB арт.421026101,2026-09-12
Рейши,ГрибыToday Гриб рейши 60 капсул,60.0,400,30,WB арт.241510260,2026-09-12
Рейши,"SALUS Гриб Рейши экстракт, 540 мг, 60 капсул. Турция",60.0,731,30,WB арт.471202768,2026-09-12
Рейши,Мед и Конфитюр Экстракт гриба Рейши 60 капс. по 450 мг,60.0,1377,30,WB арт.465561952,2026-09-12
Хлорофилл,"GLS pharmaceuticals Хлорофилл, бад для детокса и похудения, 60 капсул",60.0,563,30,WB арт.150656982,2026-09-12
Хлорофилл,NOW Хлорофилл 90капс 253мг,90.0,2462,30,WB арт.9732590,2026-09-12
Хлорофилл,GLS Хлорофилл №60 капс по 350мг -1шт,60.0,874,30,WB арт.199186386,2026-09-12
Хлорофилл,GLS хлорофилл n60 капс по 350мг-1шт,60.0,916,30,WB арт.786187213,2026-09-12
Сывороточный протеин,"BombBar Протеин сывороточный для набора массы Whey Protein Prо, 900г",900.0,2149,30,WB арт.109586700,2026-09-12
Сывороточный протеин,Ruslabnutrition Протеин WHEY DIET заменитель пищи 800г капучино,800.0,1397,30,WB арт.451719162,2026-09-12
Сывороточный протеин,"Prime Kraft Протеин Whey Protein, Клубника-Белый шоколад, 900 г",900.0,2386,30,WB арт.68795466,2026-09-12
Сывороточный протеин,2SN Сывороточный протеин без сахара Whey Protein 900g Банан,900.0,2003,30,WB арт.727474820,2026-09-12
Сывороточный протеин,R-line Сывороточный протеин Whey 1000 г Rline,1000.0,2281,30,WB арт.235544177,2026-09-12
Сывороточный протеин,Popeye Supplements Протеин POPEYE Whey Protein 908g Bag (Шоколад-миндаль),908.0,2136,30,WB арт.141653355,2026-09-12
Сывороточный протеин,Mega PUMP Nutrition Сывороточный протеин клубника 900 грамм,900.0,1207,30,WB арт.535932117,2026-09-12
Глутамин,JUST FIT Just L-GLUTAMINE L-глютамин 200 г,200.0,1167,30,WB арт.299224820,2026-09-12
Глутамин,Binasport Л-Глутамин порошок 400 г со вкусом винограда,400.0,1348,30,WB арт.58480597,2026-09-12
Глутамин,JUST FIT Just L-GLUTAMINE L-глютамин 200 г апельсин,200.0,1167,30,WB арт.299224821,2026-09-12
Глутамин,"BIOVIN Глютамин 250гр без вкуса порошок, спортивное питание",250.0,602,30,WB арт.276651461,2026-09-12
Глутамин,Binasport Л-Глутамин порошок 200 г арбуз,200.0,705,30,WB арт.50822284,2026-09-12
Глутамин,"MAXLER Глютамин 100%Golden Glutamine восстановление 150г, без вкуса",150.0,1156,30,WB арт.167332290,2026-09-12
Глутамин,Binasport Л-Глютамин порошок 800 г со вкусом вишни,800.0,1453,30,WB арт.50849758,2026-09-12
Глутамин,"Prime Kraft Аминокислоты Глютамин (L-glutamine), ананас, 200 гр",200.0,770,30,WB арт.5611471,2026-09-12
Глутамин,Binasport Л-Глютамин порошок 500 г со вкусом вишни,500.0,1478,30,WB арт.50845261,2026-09-12
Глутамин,Binasport Л-Глутамин порошок 200 г вишня,200.0,595,30,WB арт.50824332,2026-09-12
Глутамин,"Life extension L-глютамин порошок 100 г для укрепления мышц, жкт,настроения",100.0,1943,30,WB арт.231015463,2026-09-12
