артикул,добавка,название,отзывов,рейтинг
1315171792,Омега-3,Омега 3 6 9 жирные кислоты,0,0.0
1046789814,Омега-3,"Рыбий жир, Омега 3 капсулы массой 1200 мг 200 капс",1,5.0
236265488,Омега-3,Омега 3 60 капсул,3,5.0
43385319,Омега-3,Омега3 рыбий жир 120 капсул,351,5.0
465716757,Омега-3,"Рыбий жир - Омега 3, 1000 мг, 60 капсул. Турция",8,5.0
526316815,Омега-3,КардиоМ Омега-3 Форте 1000 мг 60 капсул,7,5.0
580057362,Омега-3,"Омега 3 Премиальная Здоровье всего организма, 120 штук",39,5.0
443800955,Омега-3,Омега 3 100 капсул,26,5.0
577270229,Омега-3,"Omega-3 Fish Oil 100 капсул, Рыбий жир в капсулах",2,5.0
903405295,Омега-3,Жир тюленя Омега 3,0,0.0
307420195,Омега-3,"Омега 3 в капсулах, 60 капс витамины",9,5.0
986865497,Омега-3,Омега-3 900 мг 90 капсул,1,5.0
1287233024,Витамин D,"Витамин Д3 2000 (vitamin D3), 120 капсул",3430,5.0
822663908,Витамин D,Детримакс 2000 ME Витамин Д3 таблетки покрыт.об. массой 240…,7,5.0
1292014351,Витамин D,Высокоэффективный витамин Д-3 2000 МЕ 303 мг 120 капс,5,5.0
1248367953,Витамин D,"Витамин Д3 2000 (vitamin D3), 120 капсул",2,5.0
822676203,Витамин D,Natrol Витамин D3 Vitamin D3 2000 ME таблетки быстрораствори…,0,0.0
924922485,Витамин D,Витамин д3 аксу витал Турция 2000,7,5.0
39667608,Витамин D,"Витамин Д3 К2 2000 ME, 60 таблеток",5269,5.0
64903717,Витамин D,Витамин Д3 (D3) 2000 МЕ 60 таблеток,1121,5.0
19342132,Витамин D,Витамин Д3 2000 МЕ масляный раствор в каплях 50 мл,3766,5.0
943871728,Витамин D,УЕСАППС Ультра Энерджи Витамин D3 2000 ME UESUPPS Ultra Ener…,2,5.0
1275167296,Витамин D,Витамин д3 2000 МЕ АРГО,13,5.0
863198680,Витамин D,УЕСАППС Ультра Энерджи Витамин D3 2000 ME UESUPPS Ultra Ener…,1,5.0
822677122,B12,Доппельгерц Актив В12 таблетки для рассасывания массой 280 м…,2,5.0
822665943,B12,"Витамир Метилкобаламин Витамин В12 - 4,5 мкг таблетки массой…",1,5.0
9086454,B12,Витамин В12 антистресс для мозга и памяти 30 таблеток,6229,5.0
1291772312,B12,Витамин B12 энергия и нервная система,2,5.0
822682279,B12,Витамин В12 GLS капсулы по 400 мг 60 шт,1,5.0
1289661114,B12,Витамин B12 5000 мкг 60 пастилок,16,5.0
223220717,B12,Витамин В12 метилкобаламин для волос,15,5.0
113050183,B12,Метилкобаламин Витамин В12 (B12) 60 таб,1130,5.0
1345823074,B12,"Витамин B12, 100 пастилок",375,5.0
232293435,B12,Витамин В12 Цианокобаламин 500 мкг Cyanocobalamin 250 капсул,1,5.0
822678169,B12,Витамир Витамин В12 таблетки массой 100 мг 60 шт,24,5.0
272508429,B12,Витамин В12 цианокобаламин 1 таблетка в день 30 таблеток-2уп,0,0.0
822676605,Магний,"Магний В6 таблетки массой 1,25 г 60 шт",64,5.0
822686714,Магний,Магний+В6 Эвиталия капсулы массой 745 мг 60 шт,0,0.0
822677420,Магний,Макслер Магний В6 вкус цитрус Maxler Magnesium B6 Citrus fla…,0,0.0
822666503,Магний,Магне B6 раствор для приема внутрь 100 мг+10 мг амп 10 мл 10…,137,5.0
822669873,Магний,"Maxler Магний B6 Magnesium B6 таблетки по 0,65 г 120 шт",2,5.0
822672205,Магний,Green Side Магний 500 мг+В6 таблетки по 1500 мг 30 шт,0,0.0
822674463,Магний,PILULI Магний В6 форте Магний В6 Макс Mg B6 Max таблетки мас…,58,5.0
294205521,Магний,"Магний Magnesium B6 3 x 20 шипучих таблеток, Цитрус",3,5.0
822677458,Магний,"Магний с витамином В6 in-garma капсулы по 0,785 г 90 шт",0,0.0
811779894,Магний,Магний B6 100 таблеток,35,5.0
1137953465,Магний,Risingstar mg+b6 90 шт. таблетки массой 960 мг-1шт,1,5.0
822660395,Магний,Grassberg Magnesium Premium B6 Магний Премиум+B6 капсулы мас…,2,5.0
237106740,Кофеин,Кофеин спортивный порошок 200 г Caffeine 200 мг,13,5.0
237110540,Кофеин,Кофеин спортивный порошок 200 г Caffeine 200 мг,3,5.0
927653666,Кофеин,"Кофеин в капсулах спортивный Caffeine Kick 200мг, 60 шт",2,5.0
132597661,Кофеин,Кофеин спортивный 200 мг Caffeine 200 энергетик 100 таблеток,14,5.0
165213182,Кофеин,Кофеин 200 мг 100 табл,15,5.0
246115550,Кофеин,Кофеин в таблетках 200 мг,1540,5.0
534774187,Кофеин,Кофеин в таблетках 200 мг энергетик спортивный Caffeine,15,5.0
706524507,Кофеин,Кофеин для энергии Caffeine 150мг 100 капсул,1,5.0
35483488,Кофеин,Кофеин витамины для энергии и активности,555,5.0
226453842,Кофеин,"Кофеин в капсулах спортивный Caffeine Kick 200мг, 60 шт",5,5.0
507823815,Кофеин,"Кофеин натуральный 200 мг, для энергии, 60 капсул",4,5.0
11957782,Кофеин,Порошок Кофеин с гуараной капсулы 125 шт,20,5.0
241468107,L-Теанин,Теанин в капсулах успокоительное от стресса,101471,5.0
93520792,L-Теанин,L-теанин с AlphaWave л теанин сша iherb,1,5.0
956425843,L-Теанин,Орзакс (Orzax) Ocean L-Теанин 200 мг капсулы массой 529 мг 3…,0,0.0
182335433,L-Теанин,"L-теанин с AlphaWave, 100 мг 60 растительных капсул",5,5.0
1221330903,L-Теанин,L-теанин 200 мг 120 капсул,1,5.0
244879621,L-Теанин,L Теанин для нервной системы и памяти L Theanine 120 капсул,6,5.0
223220871,L-Теанин,"L Теанин аминокислота для памяти и мозга, сна 90 кaпсул",6,5.0
247349921,L-Теанин,L-теанин 100 мг 30 растительных капсул,1,5.0
250213031,L-Теанин,Теанин L - Theanine 100мг 30 капсул,1,5.0
1287378740,L-Теанин,- теанин + ГАМК,0,0.0
1242186753,L-Теанин,"«L-теанин» («L-theanine»), 90 капсул",195691,5.0
391324872,L-Теанин,Л-Теанин 200мг L-Theanine 60 капсул,53,5.0
289335060,Бакопа,Бакопа Монье для мозга и памяти,106,5.0
178086244,Бакопа,БАД Бакопа Монье 60 + 60 капсул,76,5.0
529349243,Бакопа,Бакопа монье для мозга 2 уп по 60 таб,68,5.0
1077508333,Бакопа,Бакопа Монье Брахми 500 мг натуральный ноотроп,2,5.0
55538751,Бакопа,Бакопа монье ноотроп для мозга,664,5.0
180329970,Бакопа,"Бакопа Монье 500 мг, №60, ноотроп Bacopa Monnieri",67,5.0
282234158,Бакопа,"Бакопа Монье Брами ноотроп 500 мг, для памяти, мозга",1,5.0
978008067,Бакопа,"Брахми капсулы Алантра, 500 мг*60 шт",3,5.0
159591582,Бакопа,Бакопа монье,23,5.0
217054864,Бакопа,Бакопа Монье Bacopa Monnieri • 60 капсул,204,5.0
8819943,Бакопа,Bacopa monnieri Экстракт бакопа монье 450 мг,5183,5.0
565201829,Бакопа,Ежовик гребенчатый капсулы и Бакопа Монье,0,0.0
876874615,Ежовик,Ежовик гребенчатый Lions Mane мицелий 200 капсул,6109,5.0
863946857,Ежовик,Ежовик с Гинкго билоба,3,5.0
822685874,Ежовик,"Ежовик гребенчатый Lion’s mane 300 мг капсулы по 0,5 г 60 шт",3,5.0
629432624,Ежовик,Ежовик гребенчатый порошок - Мицелий - 200 грамм,0,0.0
343406886,Ежовик,"Ежовик гребенчатый мицелий на кукурузе, 500г",7,5.0
1245162621,Ежовик,Ежовик гребенчатый 1000 мг мицелий 90 капсул,3296,5.0
343406326,Ежовик,"Ежовик гребенчатый мицелий на кукурузе, 100г",30,5.0
655827949,Ежовик,Ежовик гребенчатый с лецитином для мозга 2 шт,9,5.0
1331819703,Ежовик,Ежовик гребенчатый капсулы мицелий 120 шт,1,5.0
862262569,Ежовик,"Ежовик гребенчатый 300 мг Lion's mane мицелий, 120 капсул",70,5.0
1256512427,Ежовик,Ежовик Гребенчатый Мицелий в таблетках,2,5.0
530709438,Ежовик,Ежовик гребенчатый капсулы 90 шт. 500 МГ,31,5.0
1331752906,Гинкго,Гинко Билоба для работы мозга,4,5.0
822667624,Гинкго,Now Ginkgo Biloba Гинкго Плюс 120 мг капсулы массой 500 мг 1…,0,0.0
1421839950,Гинкго,Гинкго билоба для памяти и мозга,0,0.0
844806910,Гинкго,"Гинкго билоба с витамином C, растительный комплекс, источник…",2275,5.0
1028709974,Гинкго,Гинкго Билоба 500 мг 180 капсул для памяти и работы мозга,2,5.0
383430441,Гинкго,Гинкго билоба и байкальский шлемник,12,5.0
616166162,Гинкго,"Гинкго Билоба Ginkgo Biloba 120 mg, 50 капсул",7,5.0
1111186171,Гинкго,Гинкго билоба и байкальский шлемник,1,5.0
1023397010,Гинкго,"Гинкго билоба, витамины для памяти, 60 капсул",0,0.0
964601584,Гинкго,Vitality гинкго билоба 100 капсул,0,0.0
727121500,Гинкго,Гинкго Билоба 80 мг 2шт,5,5.0
822671338,Гинкго,"Гинкго Билоба-ВИС капсулы массой 0,4 г 30 шт",9,5.0
4219394,Креатин,"Креатин моногидрат Creatine Monohydrate, без вкуса 200 гр",49338,5.0
13257465,Креатин,"Креатин Creatine Monohydrate 100% Pure (без вкуса), 500 гр",5505,5.0
136906466,Креатин,Креатин моногидрат порошок creatine 300 г,91839,5.0
930746823,Креатин,"Creatine Monohydrate 4950 mg 300 г, Без вкуса",1,5.0
226383456,Креатин,Креатин моногидрат 300 г для мышц и сердца,2,5.0
183766035,Креатин,"Креатин Creatine Monohydrate, Цитрусовый микс 500 гр",1152,5.0
183766034,Креатин,"Креатин Creatine Monohydrate Pineapple (ананас), 500 гр",1769,5.0
120930473,Креатин,"Креатин Creatine Monohydrate, Ананас 200 гр",16286,5.0
120930475,Креатин,"Креатин Creatine Monohydrate, Вишня 200 гр",13199,5.0
183766036,Креатин,"Креатин Creatine Monohydrate, Вишня 500 гр",1527,5.0
228766204,Креатин,"Креатин Creatine Monohydrate, Энергетик 200 гр",5397,5.0
213577274,Креатин,"Креатин моногидрат микронизированный, фруктовый пунш 200 гр",5206,5.0
1208085823,Родиола,Родиола розовая + витамины группы B,6109,5.0
387354943,Родиола,Родиола розовая (Золотой корень) экстракт 250мл,336,5.0
173990489,Родиола,"Родиола Розовая, витамины ноотроп бад для мозга, энергии",70314,5.0
822665930,Родиола,Родиола розовая экстракт GLS капсулы по 400 мг 60 шт,1,5.0
585003676,Родиола,Родиола розовая 20 ф п Хербес,76,5.0
822680108,Родиола,"Родиолы розовой экстракт-ВИС капсулы массой 0,4 г 30 шт",14,5.0
204191485,Родиола,"Родиола розовая, 60 г",59,5.0
822684736,Родиола,Родиолы экстракт жидкий для приема внутрь 30 мл 1 шт,59,5.0
355751738,Родиола,"Родиола розовая, золотой корень 50 гр",50,5.0
68982814,Родиола,Родиола розовая экстракт 3% капсулы по 400 мг 60шт,157,5.0
178356136,Родиола,"Родиола розовая, 120 г",33,5.0
585003674,Родиола,Родиола розовая 30 гр Хербес,84,5.0
594613122,Ашваганда,"Ашваганда, чистая кожа, порошок маска",64,5.0
245307313,Ашваганда,Масло ашваганды,249,5.0
919505579,Ашваганда,"Ашваганда, чистая кожа, порошок маска 60г",7,5.0
1298104570,Ашваганда,"120 растительных капсул, диетическая добавка для взрослых",0,0.0
4409485,Ашваганда,"Мыло ручной работы Ашваганда, 100 г",184,5.0
402733694,Ашваганда,Масло ашваганды,42,4.0
579185359,Ашваганда,HERBALS Мыло Ашвагандха ручной работы 100г,0,0.0
831006055,Ашваганда,"Капли Кортизола, 17 в 1, с магнием, ашвагандой, 60 мл",5,5.0
1455349896,Ашваганда,"Капли Кортизола, 17 в 1, с магнием, ашвагандой, 60 мл",0,0.0
1431907314,Ашваганда,"Капли Кортизола, 17 в 1, с магнием, ашвагандой, 60 мл",0,0.0
1455288492,Ашваганда,"Авалеха Занду, Avaleha Chyavanprash, 450 г",0,0.0
1218303249,Ашваганда,Ручное мыло с экстрактом ашваганды и кокосовым маслом 100 г,0,0.0
323251901,Фосфатидилсерин,Phosphatidyl Serine Фосфатидил Серин 100 мг - 60 капсул,12,5.0
241819775,Фосфатидилсерин,Phosphatidylserine Фосфатидилсерин 100 мг 60 кап,76,5.0
832183802,Фосфатидилсерин,"Фосфатидилсерин, Гинкго Билоба и Глицин Память, Фокус, Антис…",30,5.0
174824344,Фосфатидилсерин,Phosphatidyl Serine 100 mg Фосфатидил Серин 100 мг 60 капсул,32,5.0
1294644796,Фосфатидилсерин,"Фосфатидилсерин 320 мг (PS), Фосфатидилхолин (PC)150 мг, ком…",735,5.0
432680707,Фосфатидилсерин,"Фосфатидилсерин для памяти и работы мозга, 60шт на 30 дней",0,0.0
215676460,Фосфатидилсерин,"Фосфатидилсерин PS 100 для мозга, для памяти",633,5.0
560802015,Фосфатидилсерин,"Фосфатидилсерин 510 мг, 2 банки по 60 капсул",60,5.0
1225854064,Фосфатидилсерин,"Когнивия Фосфатидилсерин, ноотроп,30 капсул",6,5.0
501943340,Фосфатидилсерин,Фосфатидилсерин сироп для памяти и внимания детям и взрослым,4,4.0
213916830,Фосфатидилсерин,"Фосфатидилсерин, 300 мг для памяти и мозга",6,5.0
1180016558,Фосфатидилсерин,Фосфатидилсерин + Гинкго билоба,4,5.0
1106729103,Alpha-GPC,Alpha GPC + CDP Choline + Huperzine A,735,5.0
374579604,Alpha-GPC,Альфа-ГФХ Alpha-GPC 600 мг 60 капсул,149,5.0
213916922,Alpha-GPC,Альфа-ГФХ 300мг Alpha GPC для нервной системы мозга и памяти,14,5.0
1360536751,Alpha-GPC,Альфа-ГФХ Alpha GPC 300 мг 60 капсул США,0,0.0
366981318,Alpha-GPC,"Alpha GPC 60 капсул, СНТ Альфа Глицерофосфохолин, Альфа ГПТ",2,5.0
760422846,Alpha-GPC,"Витамин B4 (холин) SNT Alpha GPC 300 мг, 90 капсул",5,5.0
807491053,Alpha-GPC,"Alpha GPC, глицерофосфохолин, 300 мг, 60 растительных капсул",0,0.0
223220795,Alpha-GPC,Альфа-ГФХ 300мг Alpha GPC для нервной системы мозга и памяти,2,5.0
532939205,Alpha-GPC,"Холин 600 мг, 90 капсул,Alpha GPC",1,5.0
154501146,Alpha-GPC,"Alpha GPC 300 мг, 60 вегетарианских капсул",21,5.0
382161877,Alpha-GPC,SNT Alpha GPC 90 капсул,2,5.0
853747112,Alpha-GPC,"Alpha GPC 300мг 60 капс. ноотроп, эйфоретик, энергетик",2,4.0
822676094,CDP-холин,Цитиколин-Вертекс раствор для приема внутрь 100 мг мл 100 мл…,56,5.0
902789463,CDP-холин,"Citicoline + L-Фенилаланин для концентрации и памяти, энерги…",30,5.0
1152992655,CDP-холин,Цитиколин-ФП порошок д приг раствора для приема внутрь 1000…,9,5.0
1270659878,CDP-холин,Life Extension Citicoline (CDP-холин) добавка цитиколина для,0,0.0
1152232352,CDP-холин,Цитиколин,3,4.0
668668479,CDP-холин,"Цитиколин (ЦДФ-холин), 60 вег капсул (250 мг в 1 капсуле)",25,5.0
668833171,CDP-холин,"Цитиколин (ЦДФ-холин), 60 вег капсул (250 мг в 1 капсуле)",5,5.0
822670208,CDP-холин,Рекогнан раствор для приема внутрь 100 мг мл 10 мл пак 10 шт,134,5.0
668831210,CDP-холин,"Цитиколин (ЦДФ-холин), 60 вег капсул (250 мг в 1 капсуле)",16,5.0
822680088,CDP-холин,Цераксон раствор для в в и в м введ.1000 мг 4 мл 4 мл амп 5…,61,5.0
822679409,CDP-холин,Нейпилепт раствор для в в и в м введ.125 мг мл 4 мл 5 шт,0,0.0
822661890,CDP-холин,Энцетрон-СОЛОфарм раствор для приема внутрь 100 мг мл 10 мл…,40,5.0
224950141,Гуперзин А,"Гуперзин А БАД для мозга, памяти и внимания",38,5.0
1360478172,Гуперзин А,Гуперзин-А Huperzine A 200 мкг 120 таблеток США,0,0.0
429114911,Гуперзин А,Гуперзин-А Huperzine A 200 мкг 120 таблеток,3,4.0
700163490,Гуперзин А,"Гуперзин А, 250 мкг, 90 растительных капсул",0,0.0
1392396224,Гуперзин А,"Гуперзин А, 200 мкг, 120 капсул",0,0.0
419117169,Гуперзин А,"Гуперзин-A, 200 мкг, 240 капсул",0,0.0
1518961748,Гуперзин А,"Гуперзин А, 200 мкг, 120 капсул",0,0.0
1466364233,Гуперзин А,"Гуперзин-A, 200 мкг, 240 капсул",0,0.0
1468248047,Гуперзин А,"Гуперзин-A 200 мкг, для памяти, 240 капсул",0,0.0
863207657,Гуперзин А,"Героменталь капсулы по 0,4 г 60 шт",0,0.0
521568050,Гуперзин А,"Героменталь, витамины для памяти, астрагал+холин",116,5.0
1106729103,Гуперзин А,Alpha GPC + CDP Choline + Huperzine A,735,5.0
173623583,Куркумин,Куркума куркумин с биоперином Turmeric Curcumin с Bioperine,1,5.0
822670780,Куркумин,Макслер (Maxler) Турмерик Куркумин с Биоперином Turmeric Cur…,0,0.0
165713850,Куркумин,"Curcumin Elite, экстракт куркумы 30 капсул",17,5.0
972316095,Куркумин,куркумин актив 60 капсул,1,5.0
379400123,Куркумин,Антиоксиданты Curcumin & Vitamin D3 60 капсул,1,5.0
1247926030,Куркумин,"Куркумин (Turmeric Curcumin) экстракт куркумина, 60 капсул",0,0.0
341603468,Куркумин,Куркумин Адванс с пиперином и лецитином Витаукт,353,5.0
824823121,Куркумин,Куркума Экстракт 665 мг Curcumin Turmeric 60 капсул,1134,5.0
447791598,Куркумин,Curcumin + piperine 60 капсул,6,5.0
863196146,Куркумин,Куркумин 50 мг липосомальный капсулы массой 548 мг 30 шт,0,0.0
1252722236,Куркумин,"Куркумин для суставов и иммунитета, 120 капсул",2,5.0
822660017,Куркумин,Куркумин Премиум таблетки покрыт.об. массой 464 мг 30 шт,1,4.0
103613042,Тирозин,"L тирозин 500 мг, L-tyrosine, 60 таблеток",1551,5.0
486140104,Тирозин,"Тирозин L-Tyrosine 500 мг для похудения, от стресса 120 caps",2,5.0
494022303,Тирозин,"L Тирозин, для похудения и энергии 500 мг 120 шт",28,5.0
955867656,Тирозин,Solgar L-Тирозин 500 мг капсулы,0,0.0
497032916,Тирозин,L-Тирозин 500 мг 60 капсул,467,5.0
961213563,Тирозин,"L-Тирозин (L-Tyrosine) 500 мг, 120 капсул",2637,5.0
822685299,Тирозин,Solgar L-тирозин 500 мг капсулы,2,5.0
955866827,Тирозин,Doctor's Best L-Тирозин капсулы массой 620 мг 120 шт,0,0.0
1190965081,Тирозин,Тирозин L-Тирозин 400 мг 90 веган капсул,2,5.0
165315019,Тирозин,"L-Tyrosine, L-Тирозин 500 мг-120 капсул",118,5.0
322358421,Тирозин,"L тирозин 500 мг, L-tyrosine, 120 таблеток",137,5.0
822666171,Тирозин,"Тирозин L-Tyrosine таблетки покрыт.об. по 1,1 г 120 шт",1,5.0
650225643,Таурин,Таурин 1000мг капсулы,11691,5.0
822676627,Таурин,Витамир Таурин 500 таблетки массой 900 мг 30 шт,1,5.0
445691558,Таурин,"Таурин 1000 мг (Taurine 1000 mg), 100 капсул",8266,5.0
614625203,Таурин,"Аминокислота L-таурин (L-taurine), 60 капсул, Энергетик",3,5.0
475282504,Таурин,Таурин,12,5.0
822659120,Таурин,Витамир Таурин 1000 таблетки покрыт.об. массой 1545 мг 30 шт,2,5.0
296625819,Таурин,Taurine нау Таурин нау л таурин 500мг 100 капсул,10,5.0
231012848,Таурин,Таурин порошок 300 г,1,5.0
421092048,Таурин,Таурин 1000мг капсулы,140729,5.0
847167435,Таурин,Таурин 500 мг 100 капсул для сосудов,5,5.0
863194919,Таурин,Jarrow Formulas Таурин 1000 мг Taurine 1000 mg капсулы массо…,0,0.0
822684608,Таурин,"Таурин Эвалар 1000 мг таблетки по 1,3 г 60 шт",31,5.0
279408858,CoQ10,"Коэнзим Q10, 100 мг 60 Softgels",2,5.0
355561105,CoQ10,CoQ10 CoQ-10 100 mg Коэнзим q10 - 50 капсул,1244,5.0
728882357,CoQ10,Коэнзим Q10 Q10 Coenzyme 60 капсул,5,5.0
555448022,CoQ10,"Коэнзим Q10, 200 мг 60 Softgels",1,5.0
265998485,CoQ10,"Коэнзим Q10 100 мг и биоперин, 120 Veggie Caps",4,5.0
822662943,CoQ10,"Турамин Коэнзим Q10 капсулы массой 0,5 г 60 шт",12,5.0
453409357,CoQ10,Коэнзим Q10 CO Q-10 120 капсул,1,5.0
141160501,CoQ10,Коэнзим Ку10 (Q10) комплекс витамины группы Б B,19818,5.0
274702800,CoQ10,коэнзим Q10 с высокой степенью усвоения,1,5.0
449184847,CoQ10,"Коэнзим Q10, 100 мг, 30 мягких таблеток",1,5.0
219783916,CoQ10,Коэнзим Q10 убихинон 100 мг для сердца Coenzyme Q10 60 капс,28,5.0
863198610,CoQ10,УЕСАППС Ультра Энерджи Антиоксидант Коэнзим Q10 100 мг UESUP…,0,0.0
